CIN,Pan No.,First Name,Last Name,Buliding,Street,City_Village_Town,District,State,Pincode,,
100000001,XQPLW93615,John,Douglas,I79,NEAR TIWARI CHOWK,GARHWA,GARHWA,JHARKHAND,435736,,
100000002,GWEQI71440,Walter,Fowler,A45,MAIN MAKARWALI ROAD,AJMER,AJMER,RAJASTHAN,635201,,
100000003,LHXCA25330,Amber,Murphy,V31,SAPTHGIRI VANIGA.VANDAIKARA STREET,BILASPUR,MUNGELI,CHHATTISGARH,628568,,
100000004,TGAFZ64266,Justin,Brooks,X90,NEAR GREEN WOOD SCHOOLRAMPUR,RAIPUR,BALODA BAZAR,CHHATTISGARH,669241,,
100000005,BRRBE98249,Owen,Howard,P63,GOGRI JAMALPUR,SINDHUDURG,SAWANTWADI,MAHARASHTRA,752713,,
100000006,KMZDE80049,Audrey,Gibson,X44,WARD NO. 4,KHURDA,JATNI,ODISHA,430288,,
100000007,UTFNL13290,Emily,Edwards,Z5,NEAR TAHASIL OFFICEDIST MAYURBHANJ,KHURDA,JAJPUR,ODISHA,251970,,
100000008,WNDLH51507,Eddy,Morrison,U62,PS-GHASIPURADIST-KEONJHAR,CHENNAI,CHENNAI,TAMIL NADU,936036,,
100000009,YXGGA59110,Adrianna,Payne,U66,AMALAPADA,SHEIKHPURA,SHEIKHPURA,BIHAR,279890,,
100000010,EJSVX14029,Carina,Watson,U11,MARKET ROADTHODUPUZHA,SARAN,JALALPORE,BIHAR,748592,,
100000011,XCLZR38395,Melissa,Carroll,Y53,ANANTA VIHAR,MADHUBANI,MADHUBANI,BIHAR,986298,,
100000012,DVKCJ77925,Violet,Owens,K17,OLD TEACHERS COLONY,PATNA,PHULWARI SHARIF,BIHAR,810744,,
100000013,YXAFJ17979,Adam,Murray,Y94,TIKAMGARH,SHAHJAHANPUR,NABADA-INDEPUR,UTTAR PRADESH,750917,,
100000014,ZIQMU81369,Victoria,Casey,O30,NEAR TIWARI CHOWK,BHAGALPUR,NAUGACHIA,BIHAR,337258,,
100000015,NRFBQ97721,Daryl,Sullivan,J4,MAIN MAKARWALI ROAD,PILIBHIT,PILIBHIT,UTTAR PRADESH,545334,,
100000016,QEDVE15985,Hailey,Johnston,H14,SARDAR PATEL WARD,NALGONDA,SURYAPET,TELANGANA,839826,,
100000017,GQRCG67596,Sienna,Hawkins,C99,GARDEN CHOWK,NALGONDA,MARRIGUDA,TELANGANA,602797,,
100000018,UCWBD69451,Heather,Davis,C34,NEAR MANGO HOTELFISH MARKET ROAD,SANGRUR,LEHRAGAGA,PUNJAB,509514,,
100000019,HKSYS94541,Charlie,Walker,Z90,COLLEGE ROAD,MANSA,SARDULGARH,PUNJAB,683283,,
100000020,IJJSD79233,Nicholas,Barrett,S69,AT PO PATRAPADADIST KHORDHA,DEORIA,DEORIA,UTTAR PRADESH,717696,,
100000021,XSAOC31071,Sarah,Hamilton,Y15,MUTHAIAH NAGAR,JODHPUR,OSIAN,RAJASTHAN,487904,,
100000022,QKNPE90073,Kirsten,Murphy,D70,P.O- SHEIKHPURADIST- SHEIKHPURA,BUDAUN,BADAUN,UTTAR PRADESH,373535,,
100000023,KGKOK34740,Caroline,Turner,K13,JALALPURDIST- SARAN,DAHOD,DOHAD,GUJARAT,639980,,
100000024,GYUWG82317,Alina,Jones,S66,ANANTA VIHAR,RAJOURI,NOWSHERA,JAMMU AND KASHMIR,330366,,
100000025,WHZHM87990,Alexia,Chapman,P48,OLD TEACHERS COLONY,JAMMU,BHALWAL,JAMMU AND KASHMIR,181752,,
100000026,EUCBH40822,Brad,Henderson,G29,TIKAMGARH,UDHAMPUR,GARHI,JAMMU AND KASHMIR,266565,,
100000027,PTPSN92767,Maximilian,Morris,Z98,NEAR TIWARI CHOWK,RUDRAPRAYAG,RUDRAPRAYAG,UTTARAKHAND,276676,,
100000028,EEEEN63523,Heather,Wright,D38,MAIN MAKARWALI ROAD,BARA BANKI,SIDHAUR,UTTAR PRADESH,949780,,
100000029,QSORJ43222,David,Craig,Z63,SAPTHGIRI VANIGA.VANDAIKARA STREET,BARA BANKI,SUBEHA,UTTAR PRADESH,898439,,
100000030,RNDUN23454,Frederick,Watson,D67,NEAR GREEN WOOD SCHOOLRAMPUR,PANNA,PANNA,MADHYA PRADESH,288246,,
100000031,IVGIZ64910,Sofia,Brooks,Y98,GOGRI JAMALPUR,CHHATARPUR,CHHATARPUR,MADHYA PRADESH,789022,,
100000032,CQUUO64015,Ned,Cooper,B36,WARD NO. 4,SIDHI,SIDHI,MADHYA PRADESH,826446,,
100000033,TTEHB18937,Lucy,Martin,C27,NEAR TAHASIL OFFICEDIST MAYURBHANJ,RAMANATHAPURAM,RAMANATHAPURAM,TAMIL NADU,446847,,
100000034,XLFPQ32656,Miller,Davis,Z30,PS-GHASIPURADIST-KEONJHAR,RAMPUR,RAMPUR,UTTAR PRADESH,276276,,
100000035,XNLSJ27709,Vincent,Hall,F40,AMALAPADA,KHAGARIA,GOGRI JAMALPUR,BIHAR,404566,,
100000036,DVERT18140,Amanda,Chapman,B18,MARKET ROADTHODUPUZHA,MAYURBHANJ,KARANJIA,ODISHA,142542,,
100000037,GIALM34214,Melissa,Davis,O5,ANANTA VIHAR,MAYURBHANJ,BETNOTI,ODISHA,120526,,
100000038,ZETQZ17080,Clark,Richards,B30,OLD TEACHERS COLONY,KEONJHAR,KEONJHAR,ODISHA,658190,,
100000039,AWJCB30868,Rebecca,Gibson,I17,TIKAMGARH,ANGUL,ANGUL,ODISHA,127834,,
100000040,PVAGW79547,Abraham,Rogers,Z36,NEAR TIWARI CHOWK,IDUKKI,THODUPUZHA,KERALA,813137,,
100000041,FFARH53029,Kristian,Lloyd,S52,MAIN MAKARWALI ROAD,KHURDA,BHUBANESWAR,ODISHA,546937,,
100000042,KWBCK48233,Adrianna,Phillips,R87,SARDAR PATEL WARD,JHABUA,JHABUA,MADHYA PRADESH,174341,,
100000043,APVTF42620,Kelsey,Turner,O91,GARDEN CHOWK,TIKAMGARH,TIKAMGARH,MADHYA PRADESH,221797,,
100000044,OSTVA60504,James,Lloyd,C76,NEAR MANGO HOTELFISH,WEST TRIPURA,KHOWAI,TRIPURA,780636,,
100000045,OYWLF27204,Sawyer,Henderson,I63,COLLEGE ROAD,WEST TRIPURA,MELAGHAR,TRIPURA,968814,,
100000046,PRWVP32006,Kristian,Cooper,K46,AT PO PATRAPADADIST KHORDHA,CHITTAURGARH,BASSI,RAJASTHAN,531410,,
100000047,MRGEN14719,Paul,Warren,V91,MUTHAIAH NAGAR,SINDHUDURG,VENGURLA,MAHARASHTRA,340902,,
100000048,WDFSJ87917,Amber,West,E57,SHEIKHPURADIS SHEIKHPURA,THRISSUR,KUNNAMKULAM,KERALA,576971,,
100000049,DTMCD26712,Daryl,Spencer,R35,JALALPURDIST- SARAN,JAIPUR,KANOTA,RAJASTHAN,856046,,
100000050,HHEIN35106,Stuart,Perry,B13,DINDORI NAKA,DIU,DIU,DAMAN AND DIU,743873,,
100000051,HEQNM54193,Tony,Taylor,B65,MUNGAOLI,PONDICHERRY,PONDICHERRY,PUNJAB,155032,,
100000052,QBCDW41093,Violet,Evans,J72,MP NAGAR BY PASS ROAD,JAMMU,AKHNOOR,JAMMU AND KASHMIR,909410,,
100000053,TSVOR60672,Maya,Fowler,P41,COLLEGE ROAD,JALANDHAR,ALAWALPUR,PUNJAB,102288,,
100000054,WXCOT19563,Alexia,Ross,F31,SURAJPUR,JALANDHAR,JAMSHER KHERA,PUNJAB,944199,,
100000055,JYSGL64536,Agata,Kelley,A2,GANJ ROAD,JALANDHAR,SANSARPUR,PUNJAB,467485,,
100000056,XTWZJ77866,Jacob,Riley,Y6,KARIDHYA DIST BIRBHUM,LUCKNOW,LUCKNOW,UTTAR PRADESH,110098,,
100000057,SHCZS82049,Stuart,Harrison,Z83,F.M.COLLEGE ROAD,GAUTAM BUDDHA NAGAR,NOIDA,UTTAR PRADESH,693153,,
100000058,RVVSV37109,Dominik,Hamilton,L9,TEHSILLAD-BHAROL,GHAZIABAD,GHAZIABAD,UTTAR PRADESH,186379,,
100000059,UWXBW41282,Evelyn,Edwards,Z12,TEHSIL BAIJNATH,CANNUR,THALASSERY,KERALA,819613,,
100000060,NYUXL13163,Dale,Ross,X57,MAIN BAZAR,WAYANAD,MANANTHAVADY,KERALA,178501,,
100000061,MFZNJ86250,Victoria,Gibson,T4,NAGROTA SURIANTEHSIL JAWAL,UDHAM SINGH NAGAR,SISONA,UTTARAKHAND,874836,,
100000062,WTVIH17792,Madaline,Baker,D47,OPPOSITE VANDANA BOOT,HARIDWAR,HARIPUR KHURD,UTTARAKHAND,110672,,
100000063,AXCEN33935,Melissa,Richardson,V69,VILLAGE INDER GARHI DASNA DEHANEAR,TEHRI GARHWAL,TEHRI,UTTARAKHAND,874101,,
100000064,NUFZW54126,Alford,Walker,B44,ADJOINING SBIPATIALA ROAD,DEOGHAR,JASIDIH,JHARKHAND,691178,,
100000065,FGGFO78445,Abigail,Wilson,V18,DISTT.SHIMLA,CHANDIGARH,DHANAS,CHANDIGARH,776100,,
100000066,UWBNT97573,Eleanor,Casey,J22,BOATSTREET,PATIALA,BANUR,PUNJAB,266336,,
100000067,MQYPH70690,Max,Adams,O91,DOORNO6 4 96,PATIALA,RAJPURA,PUNJAB,310609,,
100000068,KMYKE77563,Antony,Rogers,H57,DR.BELLOW ROAD,HATHRAS,HATHRAS,UTTAR PRADESH,707413,,
100000069,EXQYV86236,Lilianna,Thompson,O18,TALUKA KUDAL,JALANDHAR,PATARA,PUNJAB,169655,,
100000070,EBNOX78915,Maria,Murray,D3,DEVGAD,SONITPUR,TEZPURII,ASSAM,686341,,
100000071,QSLRU95633,Walter,Evans,M87,VPO KALAU TEHISIL SHERGARH,JORHAT,JORHAT,ASSAM,279195,,
100000072,FXMPN65496,Ellia,Richardson,F96,BAGPAT 250609,DHEMAJI,SILAPATHAR,ASSAM,700732,,
100000073,GSWIV75954,Kristian,Turner,A82,CINEMA ROAD,DHEMAJI,DHEMAJI,ASSAM,934512,,
100000074,IOZDR18612,Michael,Parker,F75,TINSUKIA,JYOTIBA PHULE NAGAR,AMROHA,UTTAR PRADESH,119061,,
100000075,IEERB33372,Charlie,Williams,D64,NAZIRA CHARIALIP.O.NAZIRA,BALESHWAR,BASTA,ODISHA,551494,,
100000076,JXDAH74299,Sofia,Higgins,W58,NATIONAL HIGHWAY 29,GANJAM,BRAHMAPUR,ODISHA,210603,,
100000077,AJKST85123,Stuart,Mitchell,D52,JASPUR,PURI,CHANDANPUR,ODISHA,962759,,
100000078,TUKMU41440,Adelaide,Wilson,F69,GR.FLOOR,KHURDA,CHANDAKA,ODISHA,840354,,
100000079,NXIJV17510,Lydia,Bennett,D6,KADABA MAIN ROAD,KHURDA,KHURDA,ODISHA,106324,,
100000080,RJYXK14863,Evelyn,Ryan,P63,JANUBAZAR,BATHINDA,BIBIWALA,PUNJAB,698999,,
100000081,FBGSR74677,Kirsten,Ferguson,O26,CIVIL LINES,UDAIPUR,UDAIPUR,RAJASTHAN,182300,,
100000082,THWWV70712,Briony,Farrell,E80,GUTWA BRANCH,UDAIPUR,SUKHER,RAJASTHAN,425395,,
100000083,MCVJQ52732,Tony,Carroll,T43,KHUNTI BRANCH,KANCHEEPURAM,SRIPERUMBUDUR,TAMIL NADU,234383,,
100000084,DHBBA66117,Leonardo,Edwards,H99,MOUZA TALGACHI,MAHENDRAGARH,MAHENDRAGARH,HARYANA,816362,,
100000085,FUIUF56495,Melanie,Reed,Y4,TEHSIL LALGANJ,MAHENDRAGARH,ATELI,HARYANA,638351,,
100000086,FPUMK33499,Freddie,Ellis,E53,BLOCK SALONE,ADILABAD,ADILABAD,ANDHRA PRADESH,638529,,
100000087,ZWNKQ55554,Aiden,Miller,R14,BLOCK CHHATOH,CHAMARAJANAGAR,KOLLEGAL,KARNATAKA,801490,,
100000088,IVMDQ37775,Florrie,Harris,B28,HATA BAZARVILL HATA BAZAR,MYSORE,PERIYAPATNA,KARNATAKA,980551,,
100000089,PSPUE65420,Sofia,Carroll,P52,TEHSIL TILOI,NORTH 24 PARGANAS,SOUTHDUMDUM,WEST BENGAL,345348,,
100000090,XNWQF47604,James,Martin,B68,HOUSE OF SITANATH KAR,PRATAPGARH,LALGANJ,UTTAR PRADESH,191591,,
100000091,QZVZU74462,Abraham,Payne,I7,SUBANTI LANE POMOHI ROAD,DEHRA DUN,DEHRADUN,UTTARAKHAND,953922,,
100000092,CZEJV49850,Chelsea,Wright,B13,OPP. HOUSING BUS STOP,ANUPUR,ANUPPUR,MADHYA PRADESH,884473,,
100000093,KACUG19652,Vivian,Watson,E40,NH 31DIST.KAMRUP,UMARIA,UMARIA,MADHYA PRADESH,465649,,
100000094,EWBYI54544,Miller,Kelly,V19,SHOP NO 1,DAMOH,DAMOH,MADHYA PRADESH,539997,,
100000095,XMCDZ99196,Carina,Russell,E10,NEAR BANK OF INDIA,HINGOLI,HINGOLI,MAHARASHTRA,484247,,
100000096,XBCYC34533,Chelsea,Stevens,G51,EAST MANGER BIGHA,CHANDRAPUR,BALLARPUR,MAHARASHTRA,837017,,
100000097,CLBFF47782,Sienna,Barrett,L16,COMMERCIAL COMPLEX,SAHARANPUR,MALHIPUR,UTTAR PRADESH,463757,,
100000098,HXXOM24710,Anna,Edwards,A40,PO SUKAL,LUCKNOW,BIJNAUR,UTTAR PRADESH,370592,,
100000099,CAENJ15840,Kimberly,Cooper,O51,DANAGADI,BAHRAICH,BAHRAICH,UTTAR PRADESH,585151,,
100000100,VKCNV88575,Kellan,Crawford,X3,MALKANGIRI,BARA BANKI,SAFDARGANJ,UTTAR PRADESH,437392,,
100000101,CSNWN36256,Cherry,Cameron,J26,WARD NO.15,BARA BANKI,BARA BANKI,UTTAR PRADESH,776970,,
100000102,DGOHJ43599,Daisy,Parker,K73,OPP RAJROXI TALKIES,FATEHPUR,HASWA,UTTAR PRADESH,546405,,
100000103,MFVNZ71596,Sienna,West,P24,VYARA BRANCH,AMRITSAR,WADALA KALAN,PUNJAB,683269,,
100000104,BTSGI46311,Maya,Elliott,M68,GIDDERBAHA,MANDLA,MANDLA,MADHYA PRADESH,570997,,
100000105,PARDL69914,Martin,Hawkins,X43,ZIRA,ASHOK NAGAR,MUNGAOLI,MADHYA PRADESH,693600,,
100000106,JPSZO16647,Alfred,Roberts,R69,NEAR BUS STAND,RAJGARH,RAJGRAH,MADHYA PRADESH,876593,,
100000107,VGBBJ76685,Bruce,Robinson,D27,MANDI 141101MULLANPUR DHAKHA,NEEMUCH,JAWAD,MADHYA PRADESH,631577,,
100000108,XHCLE40373,Michelle,Cameron,E65,MAIN ROAD,SURGUJA,SURAJPUR,CHHATTISGARH,539832,,
100000109,GIKZN98928,Carlos,Bennett,X7,WARD NO 7,SHAHDOL,BURHAR,MADHYA PRADESH,469823,,
100000110,TXYCM48859,Rafael,Adams,L44,NEAMATPUR,BIRBHUM,KARIDHYA,WEST BENGAL,226265,,
100000111,YMRFY86770,Alan,Stewart,K90,ARRAH GREEN PARK,BALESHWAR,BALASORE,ODISHA,419926,,
100000112,LEIHG86678,Alan,Spencer,L82,ANAJ MANDIKANINA,MANDI,LADBHAROL,HIMACHAL PRADESH,232596,,
100000113,NGAFX34039,Honey,Howard,R32,ROHTAK ROADMEHAM,KANGRA,PAPROLA,HIMACHAL PRADESH,426940,,
100000114,LEXTC63824,Alexia,Mason,T85,NEELOKHERI,KANGRA,NURPUR,HIMACHAL PRADESH,271292,,
100000115,EUKHV94031,Maya,Higgins,F19,DISTT PANIPAT,KANGRA,NAGROTA SURIAN,HIMACHAL PRADESH,963607,,
100000116,VKLYW32653,Rosie,Myers,N79,NEARBUS STAND,RAISEN,KHARGONE,MADHYA PRADESH,200239,,
100000117,VDNYF77622,Alina,Fowler,E44,ADJOINING HDFC BANKNEAR ANAJ MANDI,KANAUJ,INDERGARH,UTTAR PRADESH,440533,,
100000118,DDCAM96668,Valeria,Adams,O94,ANAJ MANDI,SANGRUR,SUNAM,PUNJAB,307664,,
100000119,IGMGF32503,Alen,Elliott,H40,DADRI ROADMAHENDERGARH,SIMLA,CHOPAL,HIMACHAL PRADESH,285360,,
100000120,QRXUN84247,Kate,Hamilton,Y68,NAVALURKOTTAPTTU,YANAM,YANAM,PUDUCHERRY,573017,,
100000121,IUWZW71140,Jacob,Harrison,Q3,NEAR TIWARI CHOWK,EAST GODAVARI,AMALAPURAM,ANDHRA PRADESH,508633,,
100000122,EZKGI65891,Luke,Evans,M83,MAIN MAKARWALI ROAD,SINDHUDURG,MALVAN,MAHARASHTRA,952049,,
100000123,RGAUH73210,Max,Watson,R55,SAPTHGIRI VANIGA.VANDAIKARA STREET,SINDHUDURG,KUDAL,MAHARASHTRA,590239,,
100000124,KDYDG25988,Fiona,Warren,Y62,NEAR GREEN WOOD SCHOOLRAMPUR,SINDHUDURG,DEVGAD,MAHARASHTRA,827285,,
100000125,OCHZH44104,Jordan,Thompson,B94,GOGRI JAMALPUR,BHARUCH,BHARUCH,GUJARAT,733422,,
100000126,FZCWJ77421,Sam,Alexander,O74,WARD NO. 4,JODHPUR,JODHPUR,RAJASTHAN,301430,,
100000127,NSCKX69498,Melissa,Higgins,V75,NEAR TAHASIL OFFICEDIST,MEERUT,BAGHPAT,UTTAR PRADESH,975292,,
100000128,LPFWP95809,Robert,Harris,H83,GHASIPURADIST,EAST GODAVARI,TUNI,ANDHRA PRADESH,576860,,
100000129,EACOL70347,Fenton,Henderson,T22,AMALAPADA,TINSUKIA,RANGAGORA ROAD,ASSAM,734276,,
100000130,XJOXU35491,Daryl,Miller,Y58,MARKET ROADTHODUPUZHA,SIVASAGAR,NAZIRA,ASSAM,946570,,
100000131,SFGQR73189,George,Perkins,F31,ANANTA VIHAR,DIMAPUR,NAHARBARI,ASSAM,174201,,
100000132,YUMXU69356,Kelvin,Farrell,Q51,OLD TEACHERS COLONY,BANDA,UDHAMSINGH NAGR,UTTARAKHAND,284857,,
100000133,KMJQW39161,Valeria,Rogers,Y55,TIKAMGARH,DAKSHIN KANNAD,KINNIGOLI,KARNATAKA,785750,,
100000134,PFYTZ50079,Daniel,Martin,V95,NEAR TIWARI CHOWK,DAKSHIN KANNAD,KADABA,KARNATAKA,592101,,
100000135,MAPVN70504,Melanie,Allen,I40,MAIN MAKARWALI ROAD,UDIPI,KOTA,KARNATAKA,275681,,
100000136,TIBFO84345,Jenna,Perkins,D32,SARDAR PATEL WARD,BIRBHUM,BIRBHUM,WEST BENGAL,575875,,
100000137,MUQNI89556,Kelvin,Riley,D94,GARDEN CHOWK,ETAWAH,ETAWAH,UTTAR PRADESH,925687,,
100000138,XLMHG52941,Ted,Reed,G8,NEAR MANGO HOTELFISH MARKET ROAD,RANCHI,RANCHI,JHARKHAND,374492,,
100000139,JEXCX61368,Stuart,Dixon,S68,COLLEGE ROAD,KHUNT,KHUNTI,JHARKHAND,162698,,
100000140,SAZOV74954,Abraham,Barrett,I33,AT PO PATRAPADADIST KHORDHA,MANSA,BHIKHI,PUNJAB,412092,,
100000141,JVKUL13842,Sam,Lloyd,B68,MUTHAIAH NAGAR,MURSHIDABAD,MURSHIDABAD,WEST BENGAL,424902,,
100000142,JYHZJ46548,Edwin,Cole,Z2,P.O- SHEIKHPURADIST- SHEIKHPURA,PRATAPGARH,PAHARPUR,UTTAR PRADESH,507239,,
100000143,CKLVW93803,Ryan,Ferguson,Z17,JALALPURDIST- SARAN,RAI BARELIIY,SALONE,UTTAR PRADESH,490974,,
100000144,XMQEG29932,Tyler,Clark,G86,ANANTA VIHAR,JAGDISHPUR,AZAMGARH,UTTAR PRADESH,556135,,
100000145,SKMDT87229,Connie,Elliott,M46,OLD TEACHERS COLONY,GORAKHPUR,GORAKHPUR,UTTAR PRADESH,487259,,
100000146,AHANJ39557,James,Craig,B93,TIKAMGARH,AMETHI,AMETHI,UTTAR PRADESH,421568,,
100000147,CAMIQ42226,Edwin,Gibson,T67,NEAR TIWARI CHOWK,KAMRUP METRO,CACHAR,ASSAM,234607,,
100000148,QNQQP24136,Michelle,Mitchell,H93,MAIN MAKARWALI ROAD,KAMRUP METRO,CHIRANG,ASSAM,799511,,
100000149,HSCMT31109,Alisa,Murphy,B43,SAPTHGIRI VANIGA.VANDAIKARA STREET,KAMRUP METRO,GORCHUK,ASSAM,531506,,
100000150,KBKFR45016,Amanda,Morgan,P73,NEAR GREEN WOOD SCHOOLRAMPUR,KAMRUP,GUWAHATI,ASSAM,215663,,
100000151,KAOJQ77909,Alfred,Warren,J90,GOGRI JAMALPUR,KAMRUP,CHANGSARAI,ASSAM,455451,,
100000152,YSDMU49958,Emily,Morgan,D41,WARD NO. 4,SURAT,HAZIRA,GUJARAT,603637,,
100000153,EXSME55853,Stuart,Phillips,Z40,NEAR TAHASIL OFFICEDIST,MUNGER,MUNGER,BIHAR,366323,,
100000154,FBYQQ11243,Nicole,Harrison,Y31,PS-GHASIPURADIST.-KEONJHAR,GAYA,PATNA,BIHAR,767869,,
100000155,HHRXR54176,Nicole,Harper,G61,AMALAPADA,GOPALGANJ,GOPALGANJ,BIHAR,152106,,
100000156,TUAPF20609,Dexter,Kelly,S4,MARKET ROADTHODUPUZHA,PURI,SAKHIGOPAL,ODISHA,664896,,
100000157,ZNVRA73931,Kelvin,Howard,R63,ANANTA VIHAR,TRIJANGA,KALAHANDI,ODISHA,893485,,
100000158,JTUGR16560,Amber,Allen,K87,OLD TEACHERS COLONY,MALKANGIRI,MALKANGIRI,ODISHA,860635,,
100000159,HVJEM79943,Sam,Kelly,U18,TIKAMGARH,SHEOHAR,SHEOHAR,BIHAR,615873,,
100000160,CGXUU62726,Maximilian,Roberts,J43,NEAR TIWARI CHOWK,NARMADA,RAJPIPLA,GUJARAT,676747,,
100000161,AYFEI69644,Kristian,Johnston,Z39,MAIN MAKARWALI ROAD,TAPI,VYARA,GUJARAT,886417,,
100000162,AVWNX66021,Albert,Armstrong,G6,SARDAR PATEL WARD,MUKATSAR,MUKATSAR,PUNJAB,486902,,
100000163,EFCHN91765,Alen,Morrison,S65,GARDEN CHOWK,LUDHIANA,LUDHIANA,PUNJAB,654873,,
100000164,IRBCP95646,Fenton,West,M39,NEAR MANGO HOTELFISH,FEROZEPUR,ZIRA,PUNJAB,542743,,
100000165,FAMQT26662,Daryl,Cameron,R18,COLLEGE ROAD,LUDHIANA,SAMRALA,PUNJAB,607095,,
100000166,LBYWB60349,Chloe,Campbell,X77,AT PO PATRAPADADIST KHORDHA,LUDHIANA,MULLANPUR DHAKA,PUNJAB,508726,,
100000167,NBXHW11266,Carl,Phillips,N11,MUTHAIAH NAGAR,NAGAUR,LADNUN,RAJASTHAN,102794,,
100000168,ACBWL15363,Ada,Hall,H44,P.O- SHEIKHPURADIST- SHEIKHPURA,DHAMTARI,KURUD,CHHATTISGARH,142049,,
100000169,OVVEQ69444,Antony,Roberts,A75,JALALPURDIST- SARAN,BASTAR,KONDAGAON,CHHATTISGARH,134568,,
100000170,ZHHNU76568,Rosie,Fowler,L46,DINDORI NAKA,BARDDHAMAN,SITARAMPUR,WEST BENGAL,246840,,
100000171,MGEIW98855,Lenny,Williams,J98,MUNGAOLI,BURDWAN,DURGAPUR,WEST BENGAL,238432,,
100000172,EOHEL66329,Lana,Howard,U60,MP NAGAR BY PASS ROAD,MAHINDER GARH,NARNAUL,HARYANA,410653,,
100000173,HZFWK69010,Melanie,Stewart,G85,COLLEGE ROAD,ROHTAK,MEHAM,HARYANA,211032,,
100000174,FOCLE13858,David,Smith,W55,SURAJPUR,PANCHKULA,PANCHKULA,HARYANA,338674,,
100000175,DJPPO39304,Roman,Nelson,B32,GANJ ROAD,YAMUNA NAGAR,YAMUNA NAGAR,HARYANA,405989,,
100000176,FIYHU66641,Tony,Grant,S72,KARIDHYA DIST BIRBHUM,KARNAL,KARNAL,HARYANA,305811,,
100000177,CEBSP76341,Stuart,Andrews,L20,F.M.COLLEGE ROAD,PANIPAT,REWARI,HARYANA,547624,,
100000178,QIDJI80452,Madaline,Stewart,R91,TEHSILLAD-BHAROL,PANIPAT,PANIPAT,HARYANA,566535,,
100000179,DWUVT29884,Elise,Scott,R93,TEHSIL BAIJNATH,HISSAR,HISSAR,HARYANA,264416,,
100000180,FGZCE50946,Dexter,Wright,J28,MAIN BAZAR,KAITHAL,KAITHAL,HARYANA,156259,,
100000181,HWSCT22239,Fiona,Hamilton,I67,NAGROTA SURIANTEHSIL JAWAL,KAITHAL,KURUKSHETRA,HARYANA,215176,,
100000182,JHVKN78432,Vanessa,Carroll,B15,OPPOSITE VANDANA,MAHENDER GARH,MAHINDER GARH,HARYANA,944880,,
100000183,IJWIS45188,Penelope,Cameron,D46,VILLAGE INDER,TIRUCHIRAPALLI,NAVALURKOTAPATU,TAMIL NADU,445505,,
100000184,JSFVA67239,Derek,Chapman,E11,ADJOINING SBIPATIALA ROAD,UKHRUL,UKHRUL,MANIPUR,189547,,
100000185,DEEZY59433,Antony,Hamilton,Y98,DISTT.SHIMLA,SENAPATI,SENAPATI,MANIPUR,175507,,
100000186,CDUTT62138,Ted,Ellis,I20,BOATSTREET,COIMBATORE,R S PURAM,TAMIL NADU,948441,,
100000187,SEUCW34056,Roland,Carter,Y16,DOORNO6 4 96,THOUBAL,KAKCHING,MANIPUR,311936,,
100000188,WOYDP64991,Kelvin,Montgomery,G41,DR.BELLOW ROAD,CHANDEL,CHANDEL,MANIPUR,899096,,
100000189,OCLJI45050,Stuart,Cole,B92,TALUKA KUDAL,IMPHAL EAST,BISHNUPUR,MANIPUR,850140,,
100000190,LXLUJ36532,Frederick,Foster,U69,DEVGAD,IMPHAL EAST,IMPHAL,MANIPUR,149856,,
100000191,ZXGPG88673,Alexia,Thomas,B83,VPO KALAU TEHISIL SHERGARH,IMPHAL,SINGJAMEI,MANIPUR,875989,,
100000192,KJLUF41246,Oscar,Casey,U31,BAGPAT 250609,JHABUA,ALIRAJPUR,MADHYA PRADESH,589373,,
100000193,ASCYK79490,Adelaide,Robinson,E4,CINEMA ROAD,JHABUA,MEGHNAGAR,MADHYA PRADESH,276490,,
100000194,QBSTN12545,Roman,Allen,H91,TINSUKIA,RUPNAGAR,MORINDA,PUNJAB,272079,,
100000195,PCXKZ69938,Grace,Rogers,D24,NAZIRA CHARIALIP.O.NAZIRA,PATIALA,GHANAUR,PUNJAB,392880,,
100000196,QEIJV82971,Roman,Miller,O90,NATIONAL HIGHWAY 29,FATEHGARH SAHIB,SIRHIND,PUNJAB,421356,,
100000197,RTUAF23044,Spike,Scott,G66,JASPUR,DINDORI,DINDORI,MADHYA PRADESH,735402,,
100000198,IBYOU72796,Adrianna,Armstrong,Q50,GR.FLOOR,BALAGHAT,BALAGHAT,MADHYA PRADESH,179378,,
100000199,GBCSV13668,Violet,Fowler,G5,KADABA MAIN ROAD,BETUL,BETUL,MADHYA PRADESH,800782,,
100000200,CPXMN53828,Darcy,Johnson,W43,JANUBAZAR,DATIA,DATIA,MADHYA PRADESH,994435,,
100000201,KMZIF25444,Byron,Rogers,M949,NEAR TIWARI CHOWK,JUNAGADH,AGATRAI,GUJARAT,292704,,
100000202,UHMVA78940,Sydney,Jones,K657,MAIN MAKARWALI ROAD,TOOTHUKUDI,MUDITHANANDAL,TAMIL NADU,471697,,
100000203,IWLNF44663,Melissa,Smith,W240,SAPTHGIRI VANIGA.VANDAIKARA STREET,NAGAUR,GACHHIPURA,RAJASTHAN,593578,,
100000204,JPWOJ54767,Alisa,Cooper,J394,NEAR GREEN WOOD SCHOOLRAMPUR,RUPNAGAR,LANDRAN,PUNJAB,861546,,
100000205,HMGWY33036,Eddy,Clark,J420,GOGRI JAMALPUR,WEST TRIPURA,BISHALGARH,TRIPURA,563037,,
100000206,KWDNG60655,Lenny,Hawkins,U955,WARD NO. 4,TONK,BANASTHALI VIDYAPITH,RAJASTHAN,310803,,
100000207,JLHOM82641,Miranda,Taylor,K689,NEAR TAHASIL OFFICEDIST MAYURBHANJ,RUPNAGAR,BHARATGARH,PUNJAB,733183,,
100000208,YUZPP48675,Nicole,Casey,F368,PS-GHASIPURADIST-KEONJHAR,TOOTHUKUDI,KARUNGULAM,TAMIL NADU,896438,,
100000209,NHBEI82252,Antony,Edwards,D33,AMALAPADA,PERAMBALUR,PERAMBALUR,TAMIL NADU,405432,,
100000210,TEVBF88233,Heather,Hill,U663,MARKET ROADTHODUPUZHA,LUCKNOW,ITAUNJA,UTTAR PRADESH,426326,,
100000211,QWTFQ35804,Daniel,Grant,S931,ANANTA VIHAR,SIRMAUR,RAJGARH,HIMACHAL PRADESH,715748,,
100000212,KEZAP47788,Cherry,Farrell,P575,OLD TEACHERS COLONY,DARRANG,UDALGURI,ASSAM,815194,,
100000213,TVZDV51468,Max,Mitchell,V647,TIKAMGARH,RAJKOT,SUPEDI,GUJARAT,977874,,
100000214,PZTVA47487,Kimberly,Cunningham,U18,NEAR TIWARI CHOWK,MEDAK,SANGAREDDY,ANDHRA PRADESH,176312,,
100000215,DCJUX75850,Adam,Allen,R799,MAIN MAKARWALI ROAD,TIRUNELVELI,TIRUNELVELI,TAMIL NADU,293553,,
100000216,FKCJH58005,Oscar,Riley,D21,SARDAR PATEL WARD,KAKROJHAR,GOSSAIGAON,ASSAM,807745,,
100000217,AEHIV14497,Elian,Parker,P703,GARDEN CHOWK,THANJAVUR,PANDARAVADAI,TAMIL NADU,865035,,
100000218,LJAIF56561,Tony,Hall,A298,NEAR MANGO HOTELFISH MARKET ROAD,LAKHIMPUR,JAMUGURIGHAT,ASSAM,346357,,
100000219,DCIPU27053,Amanda,Payne,C556,COLLEGE ROAD,BONGAIGAON,BIJNI,ASSAM,195266,,
100000220,SRHWP50182,Cadie,Lloyd,N88,AT PO PATRAPADADIST KHORDHA,BARPETA,HOWLI,ASSAM,948339,,
100000221,PAOKW87179,Mike,Russell,N305,MUTHAIAH NAGAR,KAKROJHAR,DOTMA,ASSAM,798128,,
100000222,GYEYL34424,Maddie,Stewart,R179,P.O- SHEIKHPURADIST- SHEIKHPURA,LUDHIANA,GHURANI,PUNJAB,198617,,
100000223,PVOUH13835,Dale,Cole,H843,JALALPURDIST- SARAN,BARGARH,BHATLI,ODISHA,264823,,
100000224,ZQCJQ74309,Natalie,Fowler,Y383,ANANTA VIHAR,MUNGER,SANGRAMPUR,BIHAR,162189,,
100000225,JFQII14851,Carl,Murray,W848,OLD TEACHERS COLONY,BEGUSARAI,CHERIA BARIARPUR,BIHAR,876645,,
100000226,EIASX63064,Sofia,Wright,U503,TIKAMGARH,BEGUSARAI,BACHHWARA,BIHAR,978634,,
100000227,MRLWI66902,Emma,Foster,R605,NEAR TIWARI CHOWK,ELURU,ELURU,ANDHRA PRADESH,496055,,
100000228,HUPEX49452,Oscar,Armstrong,R42,MAIN MAKARWALI ROAD,JAIPUR,KOTPUTLI,RAJASTHAN,930307,,
100000229,OAZUC87566,Andrew,West,Y874,SAPTHGIRI VANIGA.VANDAIKARA STREET,JAMUI,CHAKAI,BIHAR,477822,,
100000230,DQBVU79083,Darcy,Williams,K614,NEAR GREEN WOOD SCHOOLRAMPUR,TIRUCHIRAPALLI,MANACHANALLUR,TAMIL NADU,198962,,
100000231,TDUGP47097,Paige,Clark,T13,GOGRI JAMALPUR,MUNGER,TARAPUR,BIHAR,942079,,
100000232,ODOZI60334,Myra,Clark,K96,WARD NO. 4,JUNAGADH,JUNAGADH,GUJARAT,185869,,
100000233,LUCBN80169,Mike,Murray,Q229,NEAR TAHASIL OFFICEDIST MAYURBHANJ,NALLIPALAYAM,NALLIPALAYAM,TAMIL NADU,756812,,
100000234,AFYCJ38762,Daisy,Mason,Y959,PS-GHASIPURADIST-KEONJHAR,SALEM,PEDDANAICKENPALAYA,TAMIL NADU,538207,,
100000235,FLBKG22259,Kellan,Russell,Y950,AMALAPADA,THOTLAVALLURU-AP,THOTLAVALLURU-AP,ANDHRA PRADESH,916135,,
100000236,TPLHT81596,Briony,Parker,K251,MARKET ROADTHODUPUZHA,CUDDALORE,NELLIKUPPAM,TAMIL NADU,695816,,
100000237,NUOJY39975,Stuart,Ferguson,R973,ANANTA VIHAR,DHUBRI - GUWAHATI,DHUBRI - GUWAHATI,ASSAM,644148,,
100000238,EXNSU70468,Steven,Watson,Z772,OLD TEACHERS COLONY,HUGLI,GURAP,WEST BENGAL,240542,,
100000239,IOBBD96162,Stella,Turner,M13,TIKAMGARH,DHAR,NANGDA,MADHYA PRADESH,984607,,
100000240,LHCVO87308,Patrick,Johnson,A222,NEAR TIWARI CHOWK,LUDHIANA,RAUNI,PUNJAB,912072,,
100000241,VHEVJ31671,Oscar,Clark,I348,MAIN MAKARWALI ROAD,RUPNAGAR,KHIZRABAD,PUNJAB,864987,,
100000242,REZEL42499,Maximilian,Richards,R457,SARDAR PATEL WARD,GURDASPUR,SIDHWAN,PUNJAB,751439,,
100000243,FGWDD82164,Alisa,Wilson,G645,GARDEN CHOWK,JODHPUR,ASOP,RAJASTHAN,523819,,
100000244,PQXTR63529,Marcus,Russell,C335,NEAR MANGO HOTELFISH,DAUSA,DAUSA,RAJASTHAN,789976,,
100000245,CDJUW17147,April,Baker,D156,COLLEGE ROAD,DHENKANAL,KHARAGPRASAD,ODISHA,705399,,
100000246,PGSUP75434,Sienna,Harper,O136,AT PO PATRAPADADIST KHORDHA,BARDDHAMAN,SAHAPUR,WEST BENGAL,297567,,
100000247,RGUUA95902,Edward,Brown,N669,MUTHAIAH NAGAR,HUGLI,KHANAKUL,WEST BENGAL,107078,,
100000248,LFTNT74087,Melissa,Ellis,J640,SHEIKHPURADIS SHEIKHPURA,JAIPUR,BAGRU,RAJASTHAN,627948,,
100000249,WBIGE41279,Robert,Ferguson,F909,JALALPURDIST- SARAN,SURI,SURI,WEST BENGAL,914240,,
100000250,SLRJQ16846,Adelaide,Thomas,L794,DINDORI NAKA,NAGAUR,GOTAN,RAJASTHAN,249577,,
100000251,NBKBF30309,Jasmine,Russell,F51,MUNGAOLI,CHHOTIKHATU,CHHOTIKHATU,RAJASTHAN,288735,,
100000252,XIOFZ65327,Daniel,Watson,E316,MP NAGAR BY PASS ROAD,BORAWAR,BORAWAR,RAJASTHAN,101963,,
100000253,BNRYY76163,Alan,Phillips,Y57,COLLEGE ROAD,ANGUL,PALLAHARA,ODISHA,936104,,
100000254,RSEZX31136,Edwin,Gray,B775,SURAJPUR,MOHALI,MOHALI,PUNJAB,611567,,
100000255,VBUVN39620,Lilianna,Stewart,Q301,GANJ ROAD,NAHAN,NAHAN,HIMACHAL PRADESH,317903,,
100000256,FVALM90257,Elise,Wilson,N581,KARIDHYA DIST BIRBHUM,OSMANABAD,MOHA,MAHARASHTRA,168531,,
100000257,TYUXG81132,Aiden,Barnes,W100,F.M.COLLEGE ROAD,RUPNAGAR,RUPNAGAR,PUNJAB,744558,,
100000258,ECIMY80928,Frederick,Cole,G962,TEHSILLAD-BHAROL,DHENKANAL,DHENKANAL,ODISHA,537188,,
100000259,GJLFI99519,George,Turner,V375,TEHSIL BAIJNATH,SINGH BHAGWANTPURA,SINGH BHAGWANTPURA,PUNJAB,378872,,
100000260,TNUWU85419,Charlie,Perkins,G244,MAIN BAZAR,NAYAGARH,RANPUR,ODISHA,969954,,
100000261,IWJJP94378,Jacob,Brown,R298,NAGROTA SURIANTEHSIL JAWAL,KHIRPAI,KHIRPAI,WEST BENGAL,872705,,
100000262,GWEFQ15982,Eddy,Hill,R983,OPPOSITE VANDANA BOOT,MUNGER,MUNGHYR,BIHAR,289775,,
100000263,RWGFA19498,Chloe,Perkins,Z987,VILLAGE INDER GARHI DASNA DEHANEAR,KHURDA,BANPUR,ODISHA,917141,,
100000264,MGTSS77843,Deanna,Watson,I685,ADJOINING SBIPATIALA ROAD,SIBSAGAR,SONARI,ASSAM,427610,,
100000265,JKOOE75021,Sarah,Richardson,K717,DISTT.SHIMLA,SIMLA,SARAIN,HIMACHAL PRADESH,694158,,
100000266,BZYNR51032,Henry,Harper,O777,BOATSTREET,SONITPUR,RANGAPARA,ASSAM,866657,,
100000267,LXROZ11864,Julian,Ryan,W879,DOORNO6 4 96,GANJAM,HINJILI,ODISHA,558159,,
100000268,FBFGO83309,Edgar,Henderson,Q489,DR.BELLOW ROAD,LUDHIANA,RUMI,PUNJAB,266597,,
100000269,UEIVY66314,Alan,Foster,P217,TALUKA KUDAL,TINSUKIA,CHARALI,ASSAM,784685,,
100000270,SEFCI71187,Honey,Kelley,X676,DEVGAD,FATEHGARH SAHIB,SANGOL,PUNJAB,167355,,
100000271,DAILF83113,Edwin,Smith,K423,VPO KALAU TEHISIL SHERGARH,AMALGORA - HOWRAH,AMALGORA - HOWRAH,WEST BENGAL,106574,,
100000272,YSRMH37525,Lyndon,Gray,C230,BAGPAT 250609,LUDHIANA,KOHARA,PUNJAB,448307,,
100000273,PSFHE34320,Dale,Andrews,O635,CINEMA ROAD,BURDWAN,BURDWAN,WEST BENGAL,317900,,
100000274,SEMLO84218,Gianna,Wells,O621,TINSUKIA,DHUBRI,GAURIPUR,ASSAM,543404,,
100000275,BWJUK45917,Leonardo,Campbell,P43,NAZIRA CHARIALIP.O.NAZIRA,DEOGARH,DEOGARH,ODISHA,105502,,
100000276,UFYAC55758,Sam,Douglas,M961,NATIONAL HIGHWAY 29,LAKHISARAI,SURAJGARH,BIHAR,210515,,
100000277,IPVVE84017,Lucy,Johnston,W447,JASPUR,NAYAGARH,DASPALLA,ODISHA,907977,,
100000278,YHIFP32639,Chelsea,Perry,D450,GR.FLOOR,NIMAPARA,NIMAPARA,ODISHA,302749,,
100000279,MPLES71505,Ned,Williams,K162,KADABA MAIN ROAD,NALBARI,TIHU,ASSAM,535718,,
100000280,FJPJS28635,Alford,Johnston,B385,JANUBAZAR,BARPETA,SARTHEBARI,ASSAM,502695,,
100000281,CUGWC49851,Dainton,Harrison,C797,CIVIL LINES,SIMLA,NARKANDA,HIMACHAL PRADESH,628766,,
100000282,BIZHM71655,Arthur,Hamilton,N819,GUTWA BRANCH,KANDAGHAT,KANDAGHAT,HIMACHAL PRADESH,997250,,
100000283,YWCIU45681,Antony,Richardson,L776,KHUNTI BRANCH,MAHMUDABAD - UP,MAHMUDABAD - UP,UTTAR PRADESH,264127,,
100000284,QEMOL86095,Fenton,Richards,J945,MOUZA TALGACHI,AMRAVATI,AMRAVATI,MAHARASHTRA,381252,,
100000285,LEGHH52526,Nicholas,Hawkins,U15,TEHSIL LALGANJ,NAGAUR,KUCHAMAN,RAJASTHAN,290405,,
100000286,IFLJP21816,Maddie,Brown,H644,BLOCK SALONE,SALEM,SALEM,TAMIL NADU,556400,,
100000287,UQXAZ17184,Eleanor,Anderson,E487,BLOCK CHHATOH,NAMAGIRIPETTAI,NAMAGIRIPETTAI,TAMIL NADU,811971,,
100000288,NLEXL86977,Lucia,Riley,W720,HATA BAZARVILL HATA BAZAR,PALI,SADRI,RAJASTHAN,355572,,
100000289,ARGFO23187,Kevin,Jones,R378,TEHSIL TILOI,DEORIA,RUDRAPUR,UTTARAKHAND,633114,,
100000290,BOWGZ23397,Alberta,Carter,H311,HOUSE OF SITANATH KAR,ARARIA,JOGBANI,BIHAR,904975,,
100000291,VJCDH97546,Darcy,Richards,X911,SUBANTI LANE POMOHI ROAD,MURSHIDABAD,DHULIAN,WEST BENGAL,260034,,
100000292,DTZBJ50871,James,Cooper,B916,OPP. HOUSING BUS STOP,GAUTAM BUDDHA NAGAR,BILASPUR,UTTAR PRADESH,791977,,
100000293,YZJXH66109,Dainton,Barnes,V15,NH 31DIST.KAMRUP,SAHEBGANJ,SAHIBGANJ,JHARKHAND,772188,,
100000294,RGMNE21992,Natalie,Barrett,G479,SHOP NO 1,UDHAM SINGH NAGAR,GADARPUR,UTTARAKHAND,416702,,
100000295,OPCBG52024,Lucy,Wilson,K895,NEAR BANK OF INDIA,RAJKOT,RAJKOT,GUJARAT,871174,,
100000296,IMVXX74664,Martin,Howard,F959,EAST MANGER BIGHA,VALLABH VIDYANAGAR,VALLABH VIDYANAGAR,GUJARAT,811622,,
100000297,NNAIV17745,Dexter,Murray,I365,COMMERCIAL COMPLEX,BALLIA,HALDI,UTTARAKHAND,118803,,
100000298,PKUME81094,Elian,Clark,O503,PO SUKAL,ROHRU,ROHRU,HIMACHAL PRADESH,964524,,
100000299,PARVO40853,Vincent,Moore,Q239,DANAGADI,BHAVNAGAR,MAHUVA,GUJARAT,192173,,
100000300,CPOKI51524,Tara,Higgins,N372,MALKANGIRI,EAST KHASI HILLS,CHERRAPUNJI,MEGHALAYA,512970,,
100000301,ZLNWB24709,Dexter,Rogers,M67,WARD NO.15,BARAMULLA,SOPORE,JAMMU AND KASHMIR,480094,,
100000302,TGRAZ11853,John,Morris,V406,OPP RAJROXI TALKIES,ANAND,BANDHANI,GUJARAT,390770,,
100000303,DZFSR49715,Lydia,Richardson,B456,VYARA BRANCH,KHEDA,ATARSUMBA,GUJARAT,136366,,
100000304,HWIIN62061,Carlos,Kelly,N777,GIDDERBAHA,PATAN,UNJHA,GUJARAT,923228,,
100000305,RFOUJ20546,Melissa,Craig,J988,ZIRA,RAISEN,BARELI,MADHYA PRADESH,733142,,
100000306,MMUTT88924,Natalie,Sullivan,A866,NEAR BUS STAND,NAVSARI,GADAT,GUJARAT,724827,,
100000307,OSYAG71703,Valeria,Mitchell,H648,MANDI 141101MULLANPUR DHAKHA,GANGANAGAR,JETSAR,RAJASTHAN,417496,,
100000308,LDSDH20701,Max,Murphy,D496,MAIN ROAD,KISHANGANJ,KISHANGANJ,BIHAR,140543,,
100000309,TQXCW80344,Elian,Armstrong,M106,WARD NO 7,NASIK,NASIK,MAHARASHTRA,590683,,
100000310,YNAKX11622,Clark,Brown,P561,NEAMATPUR,MUZAFFARNAGAR,MUZAFFARNAGAR,UTTAR PRADESH,175348,,
100000311,HCRGD96131,James,Taylor,D625,ARRAH GREEN PARK,BARDDHAMAN,BAHULA,WEST BENGAL,987755,,
100000312,PPNKK79291,Arnold,Owens,E335,ANAJ MANDIKANINA,BULANDSHAHAR,BULANDSHAHAR,UTTAR PRADESH,137894,,
100000313,ZKMED39217,Audrey,Johnson,X421,ROHTAK ROADMEHAM,HARIPAL - BENGAL,HARIPAL - BENGAL,WEST BENGAL,810000,,
100000314,DVXOB24377,Kelvin,Carroll,L915,NEELOKHERI,HUBLI,HUBLI,KARNATAKA,241695,,
100000315,ZVGRF27465,Miller,Bennett,A823,DISTT PANIPAT,KALAMB,KALAMB,MAHARASHTRA,895611,,
100000316,IRSRE36953,Adrian,Howard,Y67,NEARBUS STAND,JALANDHAR,BHOGPUR,PUNJAB,354302,,
100000317,XKCQH29837,Amy,Allen,B445,ADJOINING HDFC BANKNEAR ANAJ MANDI,BHARATPUR,BHUSAWAR,RAJASTHAN,564153,,
100000318,NLKGS73949,April,Crawford,D711,ANAJ MANDI,JAIPUR,NARAINA,RAJASTHAN,901055,,
100000319,KCPGG31437,Sam,Hall,D666,DADRI ROADMAHENDERGARH,SONEPAT - HARYANA,SONEPAT - HARYANA,HARYANA,218101,,
100000320,EFUCN48097,Honey,Casey,Q238,NAVALURKOTTAPTTU,BULANDSHAHR,SHIKARPUR,UTTAR PRADESH,518921,,
100000321,KKKXW87657,Evelyn,Nelson,G183,NEAR TIWARI CHOWK,NORTH GOA,MARDOL,GOA,644808,,
100000322,JDEFM15325,Elise,Riley,H898,MAIN MAKARWALI ROAD,PONDICHERRY,BAHOUR,PUDUCHERRY,621213,,
100000323,AEGZP16478,Sydney,Owens,V532,SAPTHGIRI VANIGA.VANDAIKARA STREET,BHARUCH,HANSOT,GUJARAT,431602,,
100000324,OEZMC38656,Arianna,Anderson,N896,NEAR GREEN WOOD SCHOOLRAMPUR,PURNEA,PURNEA,BIHAR,204570,,
100000325,ERMOB48507,Savana,West,F736,GOGRI JAMALPUR,BANKURA,DUBRAJPUR,WEST BENGAL,199189,,
100000326,KFAMC61973,Steven,Evans,I277,WARD NO. 4,HUGLI,UTTARPARA KOTRUNG,WEST BENGAL,676891,,
100000327,NSHNT32880,Eddy,Owens,D911,NEAR TAHASIL OFFICEDIST,AGRA,ACHNERA,UTTAR PRADESH,500818,,
100000328,ILJNL14161,Cherry,Taylor,J215,GHASIPURADIST,NAGAUR,NAGAUR,MAHARASHTRA,208516,,
100000329,DKEHI35633,Jasmine,Casey,W997,AMALAPADA,SEHORE,SEHORE,MADHYA PRADESH,597883,,
100000330,FLJVD51852,Deanna,Hill,M309,MARKET ROADTHODUPUZHA,ASANSOL,ASANSOL,WEST BENGAL,502444,,
100000331,UQTGM73967,Tiana,Stewart,T111,ANANTA VIHAR,JHAJHA - BIHAR,JHAJHA - BIHAR,BIHAR,706476,,
100000332,ATUTU95873,Penelope,Harrison,D524,OLD TEACHERS COLONY,SAMBALPUR,HIRAKUD,ODISHA,542714,,
100000333,JMDEG42860,Samantha,Adams,B505,TIKAMGARH,"ASHOK NAGAR, 24 PARGANA NORTH","ASHOK NAGAR, 24 PARGANA NORTH",WEST BENGAL,854526,,
100000334,LBYJF10755,Olivia,Grant,C470,NEAR TIWARI CHOWK,JALPAIGURI,MAINAGURI,WEST BENGAL,160092,,
100000335,DUMRX76219,Lyndon,Hunt,T635,MAIN MAKARWALI ROAD,MARGAO,MARGAO,GOA,961689,,
100000336,ZODKA18808,Sarah,Grant,T625,SARDAR PATEL WARD,DAMAN,DAMAN,DAMAN AND DIU,886842,,
100000337,DWETI68135,Jacob,Robinson,E195,GARDEN CHOWK,SAGAR,SAGAR,MADHYA PRADESH,119823,,
100000338,RGAXN25346,Alina,Grant,C600,NEAR MANGO HOTELFISH MARKET ROAD,JHUNJHUNU,MUKUNDGARH,RAJASTHAN,426242,,
100000339,CTPUR72500,Sabrina,Kelley,U657,COLLEGE ROAD,BHAVNAGAR,BHAVNAGAR,GUJARAT,471703,,
100000340,FRNST83309,Caroline,Roberts,V610,AT PO PATRAPADADIST KHORDHA,JALANDHAR,SHAHKOT,PUNJAB,698309,,
100000341,ZAKPW72714,Carl,Harrison,U735,MUTHAIAH NAGAR,RAISEN,RAISEN,MADHYA PRADESH,704972,,
100000342,RZHHE95550,Miley,Hawkins,K493,P.O- SHEIKHPURADIST- SHEIKHPURA,CHAKLASHI - GUJARAT,CHAKLASHI - GUJARAT,GUJARAT,433574,,
100000343,APVNO66227,Kimberly,Foster,J917,JALALPURDIST- SARAN,JAORA,JAORA,MADHYA PRADESH,782407,,
100000344,XKBPP55473,Ted,Henderson,C745,ANANTA VIHAR,JAIPUR,RENWAL,RAJASTHAN,445747,,
100000345,DLWIB98944,Catherine,Evans,Z366,OLD TEACHERS COLONY,BHARATPUR,BHARATPUR,RAJASTHAN,322291,,
100000346,BTYEB57213,Vincent,Kelly,S614,TIKAMGARH,BOKARO,BERMO,JHARKHAND,502172,,
100000347,BFUZB24222,Andrew,Anderson,X681,NEAR TIWARI CHOWK,TEZPUR,TEZPUR,ASSAM,130446,,
100000348,KSCCS43349,Spike,Harper,V874,MAIN MAKARWALI ROAD,BRAJRAJNAGAR,BRAJRAJNAGAR,ODISHA,797489,,
100000349,TYWLF21215,Isabella,Morrison,T695,SAPTHGIRI VANIGA.VANDAIKARA STREET,ERNAKULAM,ANGAMALY,KERALA,271101,,
100000350,QAWQB39551,Joyce,Tucker,G683,NEAR GREEN WOOD SCHOOLRAMPUR,WEST GODAVARI,ATTILI,ANDHRA PRADESH,978104,,
100000351,UGFSM90049,Elise,Barrett,H529,GOGRI JAMALPUR,BAREILLY-UP,BAREILLY-UP,UTTAR PRADESH,210141,,
100000352,JNKHX70988,Sofia,Cooper,F198,WARD NO. 4,MAITHON,MAITHON,JHARKHAND,376900,,
100000353,UPAZP79986,Spike,Perkins,Q844,NEAR TAHASIL OFFICEDIST,BANDEL,BANDEL,WEST BENGAL,873425,,
100000354,ILLKF61199,Jordan,Hill,R944,PS-GHASIPURADIST.-KEONJHAR,BULSAR,BULSAR,GUJARAT,827578,,
100000355,GFKFR10582,Bruce,Moore,W733,AMALAPADA,BERHAMPUR,BERHAMPUR,ODISHA,713585,,
100000356,DIRVP98483,Anna,Carroll,T223,MARKET ROADTHODUPUZHA,MUZAFFARNAGAR,KANDHLA,UTTAR PRADESH,632275,,
100000357,KAQCB37123,Albert,Elliott,Q139,ANANTA VIHAR,KARJAT - MUMBAI,KARJAT - MUMBAI,MAHARASHTRA,742994,,
100000358,QSNFO91149,Caroline,Johnson,Y115,OLD TEACHERS COLONY,PANJIM,PANJIM,GOA,720000,,
100000359,XGNJY14807,Alexander,Morrison,Q58,TIKAMGARH,MUNDIYAMPAKKOM,MUNDIYAMPAKKOM,TAMIL NADU,440028,,
100000360,GYWPG54580,Camila,Henderson,I902,NEAR TIWARI CHOWK,SIMLA,THANEDHAR,HIMACHAL PRADESH,356087,,
100000361,JBWNX29933,Agata,Walker,K862,MAIN MAKARWALI ROAD,DIBRUGARH,DIBRUGARH,ASSAM,686581,,
100000362,NEPHM94993,Harold,Foster,G512,SARDAR PATEL WARD,PANCHKULA,PINJORE,HARYANA,893282,,
100000363,HNHKU16962,Kristian,Allen,O348,GARDEN CHOWK,KOZHIKODE,MAVOOR,KERALA,757660,,
100000364,DOWHV36112,Gianna,Perry,I519,NEAR MANGO HOTELFISH,ANAND,CAMBAY,GUJARAT,637698,,
100000365,KAIFY74228,Jenna,Brown,X992,COLLEGE ROAD,VASCO DA GAMA,VASCO DA GAMA,GOA,149508,,
100000366,UDJAR81103,Evelyn,Richardson,G193,AT PO PATRAPADADIST KHORDHA,SONBHADRA,ROBERTSGANJ,UTTAR PRADESH,914111,,
100000367,NRLSY24926,Daniel,Cole,I279,MUTHAIAH NAGAR,KHEDA,NADIAD,GUJARAT,662423,,
100000368,MICRN75459,David,Moore,Y645,P.O- SHEIKHPURADIST- SHEIKHPURA,CHOMU,CHOMU,RAJASTHAN,903770,,
100000369,CQCBU83763,Fiona,Smith,A45,JALALPURDIST- SARAN,KHAIRTHAL,KHAIRTHAL,RAJASTHAN,679479,,
100000370,PZSJL61815,Sydney,Morgan,K525,DINDORI NAKA,KOZHIKODE - KERALA,KOZHIKODE - KERALA,KERALA,495168,,
100000371,JSMOJ31103,Evelyn,Baker,S186,MUNGAOLI,RENUKOOT,RENUKOOT,UTTAR PRADESH,140731,,
100000372,AXDEE94695,Andrew,Bailey,W784,MP NAGAR BY PASS ROAD,NAGAPATTINAM,NAGAPATTINAM,TAMIL NADU,112889,,
100000373,ZJPAC13133,Chester,Richards,M189,COLLEGE ROAD,BATHINDA,BATHINDA,PUNJAB,287711,,
100000374,VOHLU74634,Antony,Hawkins,M781,SURAJPUR,MUKTSAR,MALOUT,PUNJAB,850814,,
100000375,DWXWM95253,Lilianna,Gibson,Y17,GANJ ROAD,PORBANDAR,PORBANDAR,GUJARAT,573022,,
100000376,MWYCC18566,Aida,Hunt,J608,KARIDHYA DIST BIRBHUM,BHILAI,BHILAI,MADHYA PRADESH,194684,,
100000377,HLKIM80031,Oliver,Tucker,U181,F.M.COLLEGE ROAD,JALANDHAR,NAKODAR,PUNJAB,947277,,
100000378,AZEHX23327,Sydney,Chapman,S966,TEHSILLAD-BHAROL,SRINAGAR,SRINAGAR,JAMMU AND KASHMIR,471769,,
100000379,ZMPSK36834,Fenton,West,A756,TEHSIL BAIJNATH,THANJAVUR,KUMBAKONAM,TAMIL NADU,354586,,
100000380,XYISE81739,Amanda,Farrell,T682,MAIN BAZAR,SRI GANGANAGAR,SRI GANGANAGAR,RAJASTHAN,698704,,
100000381,ICOOZ36556,Victor,Douglas,F845,NAGROTA SURIANTEHSIL JAWAL,UTTARAPARA - WEST BENGAL,UTTARAPARA - WEST BENGAL,WEST BENGAL,474339,,
100000382,JUNTL86314,Victoria,Thompson,V708,OPPOSITE VANDANA,NAGDA,NAGDA,MADHYA PRADESH,772405,,
100000383,THAOQ85974,Reid,Harper,K829,VILLAGE INDER,AGRA,PINAHAT,UTTAR PRADESH,906245,,
100000384,RWEOH62901,Adam,Martin,G33,ADJOINING SBIPATIALA ROAD,NAVSARI,NAVSARI,GUJARAT,529787,,
100000385,GETKR47634,Brad,Rogers,G543,DISTT.SHIMLA,AGARTALA,AGARTALA,TRIPURA,652248,,
100000386,VAARC32454,Luke,Baker,Q487,BOATSTREET,SHILLONG,SHILLONG,MEGHALAYA,943569,,
100000387,KITOR93123,Lydia,Kelly,L981,DOORNO6 4 96,ANAND,ANAND,GUJARAT,469549,,
100000388,UOQCJ80714,Cadie,Gibson,A88,DR.BELLOW ROAD,JAMNAGAR,JAMNAGAR,GUJARAT,654157,,
100000389,TBZIL14173,Marcus,Payne,U159,TALUKA KUDAL,SILCHAR,SILCHAR,ASSAM,316449,,
100000390,HUWRJ28686,Lucy,Ryan,O157,DEVGAD,RAJKOT,DHORAJI,GUJARAT,331449,,
100000391,KXRVD54682,Eddy,Taylor,C596,VPO KALAU TEHISIL SHERGARH,RAJKOT,GONDAL,GUJARAT,587741,,
100000392,BEJPU79626,Julian,Harrison,Y137,BAGPAT 250609,QUILON,QUILON,KERALA,452867,,
100000393,HSLVI38065,Tara,Roberts,Z861,CINEMA ROAD,MORENA,MORENA,MADHYA PRADESH,508517,,
100000394,NXURN52316,Leonardo,Gray,O822,TINSUKIA,DABRA,DABRA,MADHYA PRADESH,470481,,
100000395,XSGVC47276,Kate,Kelley,T389,NAZIRA CHARIALIP.O.NAZIRA,SIVAGANGA,KARAIKUDI,TAMIL NADU,445017,,
100000396,HATCZ83465,Adele,Ferguson,L558,NATIONAL HIGHWAY 29,DEOGHAR - RANCHI,DEOGHAR - RANCHI,JHARKHAND,421932,,
100000397,KHBRD48244,Julian,Cunningham,B716,JASPUR,JHUNJHUNU,PILANI,RAJASTHAN,813275,,
100000398,EGBOP97799,Daniel,Harrison,S561,GR.FLOOR,BHIND,BHIND,MADHYA PRADESH,435104,,
100000399,HXDYY13411,Alford,Crawford,V822,KADABA MAIN ROAD,VIDISHA,VIDISHA,MADHYA PRADESH,495004,,
100000400,RJXMO75983,Darcy,Mason,T769,JANUBAZAR,BHADRA,BHADRA,GUJARAT,473034,,
100000401,YZOFU73522,Abigail,Cameron,W412,NEAR TIWARI CHOWK,GARHWA,GARHWA,JHARKHAND,435736,,
100000402,XCSRD54953,Cherry,Payne,J45,MAIN MAKARWALI ROAD,AJMER,AJMER,RAJASTHAN,635201,,
100000403,ZWYYT99674,Carlos,Campbell,U164,SAPTHGIRI VANIGA.VANDAIKARA STREET,BILASPUR,MUNGELI,CHHATTISGARH,628568,,
100000404,AYNYO48949,Reid,Carroll,F201,NEAR GREEN WOOD SCHOOLRAMPUR,RAIPUR,BALODA BAZAR,CHHATTISGARH,669241,,
100000405,MWWPJ32006,Luke,Payne,T723,GOGRI JAMALPUR,SINDHUDURG,SAWANTWADI,MAHARASHTRA,752713,,
100000406,IWMJF46590,Kevin,Riley,K919,WARD NO. 4,KHURDA,JATNI,ODISHA,430288,,
100000407,NDCTN10684,Samantha,Carter,Z693,NEAR TAHASIL OFFICEDIST MAYURBHANJ,KHURDA,JAJPUR,ODISHA,251970,,
100000408,ZYHGD42605,Eddy,Elliott,P586,PS-GHASIPURADIST-KEONJHAR,CHENNAI,CHENNAI,TAMIL NADU,936036,,
100000409,BJIXN69077,Derek,Wilson,F166,AMALAPADA,SHEIKHPURA,SHEIKHPURA,BIHAR,279890,,
100000410,WBPJL51572,Lucy,Tucker,R770,MARKET ROADTHODUPUZHA,SARAN,JALALPORE,BIHAR,748592,,
100000411,KUKIM58809,Martin,Riley,R949,ANANTA VIHAR,MADHUBANI,MADHUBANI,BIHAR,986298,,
100000412,ZRIJO86547,Chester,Wells,P586,OLD TEACHERS COLONY,PATNA,PHULWARI SHARIF,BIHAR,810744,,
100000413,BCHUB80766,Mary,Baker,F602,TIKAMGARH,SHAHJAHANPUR,NABADA-INDEPUR,UTTAR PRADESH,750917,,
100000414,LBZPT27248,Thomas,Cole,F858,NEAR TIWARI CHOWK,BHAGALPUR,NAUGACHIA,BIHAR,337258,,
100000415,NLJTO45035,Albert,Wells,X951,MAIN MAKARWALI ROAD,PILIBHIT,PILIBHIT,UTTAR PRADESH,545334,,
100000416,OWTFN72608,Edith,Scott,A649,SARDAR PATEL WARD,NALGONDA,SURYAPET,TELANGANA,839826,,
100000417,BWXNI62287,Aiden,Perry,F60,GARDEN CHOWK,NALGONDA,MARRIGUDA,TELANGANA,602797,,
100000418,MIVRA55469,Edgar,Edwards,X172,NEAR MANGO HOTELFISH MARKET ROAD,SANGRUR,LEHRAGAGA,PUNJAB,509514,,
100000419,PHGTB16639,Emily,Morgan,J710,COLLEGE ROAD,MANSA,SARDULGARH,PUNJAB,683283,,
100000420,FCBBH32070,Stella,Richards,E814,AT PO PATRAPADADIST KHORDHA,DEORIA,DEORIA,UTTAR PRADESH,717696,,
100000421,DIWIZ39333,Alisa,Davis,F105,MUTHAIAH NAGAR,JODHPUR,OSIAN,RAJASTHAN,487904,,
100000422,QPQGB92192,Andrew,Grant,R490,P.O- SHEIKHPURADIST- SHEIKHPURA,BUDAUN,BADAUN,UTTAR PRADESH,373535,,
100000423,KHWMT56044,Kellan,Kelley,L124,JALALPURDIST- SARAN,DAHOD,DOHAD,GUJARAT,639980,,
100000424,FPWRX85570,Naomi,Rogers,Q627,ANANTA VIHAR,RAJOURI,NOWSHERA,JAMMU AND KASHMIR,330366,,
100000425,UJTXJ22091,Freddie,Chapman,B146,OLD TEACHERS COLONY,JAMMU,BHALWAL,JAMMU AND KASHMIR,181752,,
100000426,LKODR42680,Eric,Alexander,M890,TIKAMGARH,UDHAMPUR,GARHI,JAMMU AND KASHMIR,266565,,
100000427,LKTXM56771,Joyce,Walker,S904,NEAR TIWARI CHOWK,RUDRAPRAYAG,RUDRAPRAYAG,UTTARAKHAND,276676,,
100000428,VMUWK37657,Anna,Baker,T238,MAIN MAKARWALI ROAD,BARA BANKI,SIDHAUR,UTTAR PRADESH,949780,,
100000429,OCYCH20163,Maya,Campbell,V973,SAPTHGIRI VANIGA.VANDAIKARA STREET,BARA BANKI,SUBEHA,UTTAR PRADESH,898439,,
100000430,EHWAA86678,Lucia,Morgan,P749,NEAR GREEN WOOD SCHOOLRAMPUR,PANNA,PANNA,MADHYA PRADESH,288246,,
100000431,UIIZZ46376,Brooke,Brown,I678,GOGRI JAMALPUR,CHHATARPUR,CHHATARPUR,MADHYA PRADESH,789022,,
100000432,TUYFW57486,Aiden,Howard,O327,WARD NO. 4,SIDHI,SIDHI,MADHYA PRADESH,826446,,
100000433,NAUNJ21322,Carina,Edwards,Z845,NEAR TAHASIL OFFICEDIST MAYURBHANJ,RAMANATHAPURAM,RAMANATHAPURAM,TAMIL NADU,446847,,
100000434,QKFSL74176,James,Roberts,Y845,PS-GHASIPURADIST-KEONJHAR,RAMPUR,RAMPUR,UTTAR PRADESH,276276,,
100000435,FJZUB90384,Frederick,Roberts,J111,AMALAPADA,KHAGARIA,GOGRI JAMALPUR,BIHAR,404566,,
100000436,YWYSJ82809,Sawyer,Cole,N497,MARKET ROADTHODUPUZHA,MAYURBHANJ,KARANJIA,ODISHA,142542,,
100000437,WAQMK22008,Annabella,Owens,H263,ANANTA VIHAR,MAYURBHANJ,BETNOTI,ODISHA,120526,,
100000438,CTMQW63054,Charlotte,Spencer,Z555,OLD TEACHERS COLONY,KEONJHAR,KEONJHAR,ODISHA,658190,,
100000439,JLQON12595,Lana,Brooks,K55,TIKAMGARH,ANGUL,ANGUL,ODISHA,127834,,
100000440,CGKHD99035,Abraham,Hill,P716,NEAR TIWARI CHOWK,IDUKKI,THODUPUZHA,KERALA,813137,,
100000441,YOLXJ43048,Miller,Robinson,T659,MAIN MAKARWALI ROAD,KHURDA,BHUBANESWAR,ODISHA,546937,,
100000442,YNJZV68903,Freddie,Rogers,I55,SARDAR PATEL WARD,JHABUA,JHABUA,MADHYA PRADESH,174341,,
100000443,MWILT63927,Kellan,Craig,H637,GARDEN CHOWK,TIKAMGARH,TIKAMGARH,MADHYA PRADESH,221797,,
100000444,AVAED27241,Reid,Farrell,V392,NEAR MANGO HOTELFISH,WEST TRIPURA,KHOWAI,TRIPURA,780636,,
100000445,KWWUL41006,Jack,Chapman,M366,COLLEGE ROAD,WEST TRIPURA,MELAGHAR,TRIPURA,968814,,
100000446,XANHA63999,Rubie,Gibson,U811,AT PO PATRAPADADIST KHORDHA,CHITTAURGARH,BASSI,RAJASTHAN,531410,,
100000447,LEAAO68741,Sarah,Riley,D339,MUTHAIAH NAGAR,SINDHUDURG,VENGURLA,MAHARASHTRA,340902,,
100000448,AATJB13849,Marcus,Holmes,I694,SHEIKHPURADIS SHEIKHPURA,THRISSUR,KUNNAMKULAM,KERALA,576971,,
100000449,KXBRH16355,Brooke,Stevens,D37,JALALPURDIST- SARAN,JAIPUR,KANOTA,RAJASTHAN,856046,,
100000450,MWIPR20358,Lucy,Brooks,D447,DINDORI NAKA,DIU,DIU,DAMAN AND DIU,743873,,
100000451,SLMCE19578,Elise,Hill,V815,MUNGAOLI,PONDICHERRY,PONDICHERRY,PUNJAB,155032,,
100000452,KPEZE61461,Connie,Moore,Y964,MP NAGAR BY PASS ROAD,JAMMU,AKHNOOR,JAMMU AND KASHMIR,909410,,
100000453,HCFVA99830,Richard,Cooper,W272,COLLEGE ROAD,JALANDHAR,ALAWALPUR,PUNJAB,102288,,
100000454,GKKLQ87968,Roland,Perkins,G394,SURAJPUR,JALANDHAR,JAMSHER KHERA,PUNJAB,944199,,
100000455,SBAPH62971,Kirsten,Parker,B806,GANJ ROAD,JALANDHAR,SANSARPUR,PUNJAB,467485,,
100000456,XQIES33659,Jordan,Kelly,Y568,KARIDHYA DIST BIRBHUM,LUCKNOW,LUCKNOW,UTTAR PRADESH,110098,,
100000457,SUVEA54014,Wilson,Crawford,A658,F.M.COLLEGE ROAD,GAUTAM BUDDHA NAGAR,NOIDA,UTTAR PRADESH,693153,,
100000458,XHVMI11133,Ryan,Rogers,T873,TEHSILLAD-BHAROL,GHAZIABAD,GHAZIABAD,UTTAR PRADESH,186379,,
100000459,GDXPI69409,Brooke,Reed,E16,TEHSIL BAIJNATH,CANNUR,THALASSERY,KERALA,819613,,
100000460,WHYFM54380,Kristian,Riley,S966,MAIN BAZAR,WAYANAD,MANANTHAVADY,KERALA,178501,,
100000461,SGLVH15432,Amber,West,T881,NAGROTA SURIANTEHSIL JAWAL,UDHAM SINGH NAGAR,SISONA,UTTARAKHAND,874836,,
100000462,XBPLQ73380,Emma,Higgins,X622,OPPOSITE VANDANA BOOT,HARIDWAR,HARIPUR KHURD,UTTARAKHAND,110672,,
100000463,XQIDN68961,Jasmine,Sullivan,K431,VILLAGE INDER GARHI DASNA DEHANEAR,TEHRI GARHWAL,TEHRI,UTTARAKHAND,874101,,
100000464,KAJJN22965,Daniel,Martin,V238,ADJOINING SBIPATIALA ROAD,DEOGHAR,JASIDIH,JHARKHAND,691178,,
100000465,GHMMR72184,James,Williams,Q72,DISTT.SHIMLA,CHANDIGARH,DHANAS,CHANDIGARH,776100,,
100000466,XNCLN35138,Amanda,Walker,K521,BOATSTREET,PATIALA,BANUR,PUNJAB,266336,,
100000467,UYQJQ73143,Brooke,Perry,H234,DOORNO6 4 96,PATIALA,RAJPURA,PUNJAB,310609,,
100000468,DLVGP47299,Jared,Hunt,C912,DR.BELLOW ROAD,HATHRAS,HATHRAS,UTTAR PRADESH,707413,,
100000469,ILBLX86348,Jacob,Rogers,S386,TALUKA KUDAL,JALANDHAR,PATARA,PUNJAB,169655,,
100000470,AOSPN47290,Paige,Cooper,Y304,DEVGAD,SONITPUR,TEZPURII,ASSAM,686341,,
100000471,ZODVQ40124,Maria,Foster,E896,VPO KALAU TEHISIL SHERGARH,JORHAT,JORHAT,ASSAM,279195,,
100000472,FJOCC46637,Ted,Phillips,D917,BAGPAT 250609,DHEMAJI,SILAPATHAR,ASSAM,700732,,
100000473,WAPFE35081,Lydia,Adams,N676,CINEMA ROAD,DHEMAJI,DHEMAJI,ASSAM,934512,,
100000474,TKPQR36274,Lilianna,Smith,K500,TINSUKIA,JYOTIBA PHULE NAGAR,AMROHA,UTTAR PRADESH,119061,,
100000475,RQHTH76399,William,Miller,T381,NAZIRA CHARIALIP.O.NAZIRA,BALESHWAR,BASTA,ODISHA,551494,,
100000476,VOUJL72464,Henry,Crawford,M242,NATIONAL HIGHWAY 29,GANJAM,BRAHMAPUR,ODISHA,210603,,
100000477,XQLWT43673,Michael,Ferguson,E149,JASPUR,PURI,CHANDANPUR,ODISHA,962759,,
100000478,CGNOY50568,Rebecca,Wells,P876,GR.FLOOR,KHURDA,CHANDAKA,ODISHA,840354,,
100000479,KPNAW86604,Lydia,Higgins,C838,KADABA MAIN ROAD,KHURDA,KHURDA,ODISHA,106324,,
100000480,ZFMST27397,Hailey,Stewart,L119,JANUBAZAR,BATHINDA,BIBIWALA,PUNJAB,698999,,
100000481,UPWRU15477,Sabrina,Barrett,N127,CIVIL LINES,UDAIPUR,UDAIPUR,RAJASTHAN,182300,,
100000482,MVRNI86584,Michael,Parker,R200,GUTWA BRANCH,UDAIPUR,SUKHER,RAJASTHAN,425395,,
100000483,SCWUY47203,Blake,Morgan,I493,KHUNTI BRANCH,KANCHEEPURAM,SRIPERUMBUDUR,TAMIL NADU,234383,,
100000484,WHKRC10319,Daisy,Hill,I308,MOUZA TALGACHI,MAHENDRAGARH,MAHENDRAGARH,HARYANA,816362,,
100000485,RORUZ85609,Camila,Lloyd,R683,TEHSIL LALGANJ,MAHENDRAGARH,ATELI,HARYANA,638351,,
100000486,XCXCI59513,Catherine,Lloyd,M880,BLOCK SALONE,ADILABAD,ADILABAD,ANDHRA PRADESH,638529,,
100000487,IJOPQ73990,Maria,Anderson,M122,BLOCK CHHATOH,CHAMARAJANAGAR,KOLLEGAL,KARNATAKA,801490,,
100000488,JOCJB93566,Alen,Stewart,M896,HATA BAZARVILL HATA BAZAR,MYSORE,PERIYAPATNA,KARNATAKA,980551,,
100000489,HYWUK42549,Arnold,Parker,O921,TEHSIL TILOI,NORTH 24 PARGANAS,SOUTHDUMDUM,WEST BENGAL,345348,,
100000490,YHCEQ73286,Thomas,Turner,N7,HOUSE OF SITANATH KAR,PRATAPGARH,LALGANJ,UTTAR PRADESH,191591,,
100000491,XQLRQ43618,Miller,Thompson,C155,SUBANTI LANE POMOHI ROAD,DEHRA DUN,DEHRADUN,UTTARAKHAND,953922,,
100000492,KGOIP23479,Chester,Howard,C492,OPP. HOUSING BUS STOP,ANUPUR,ANUPPUR,MADHYA PRADESH,884473,,
100000493,FPDEZ37200,Tony,Taylor,F344,NH 31DIST.KAMRUP,UMARIA,UMARIA,MADHYA PRADESH,465649,,
100000494,QWOAC51573,Jared,Lloyd,O569,SHOP NO 1,DAMOH,DAMOH,MADHYA PRADESH,539997,,
100000495,RLUMZ82511,Gianna,Higgins,S440,NEAR BANK OF INDIA,HINGOLI,HINGOLI,MAHARASHTRA,484247,,
100000496,SYWYT41113,Edwin,Murray,N725,EAST MANGER BIGHA,CHANDRAPUR,BALLARPUR,MAHARASHTRA,837017,,
100000497,YGYBU97248,Sabrina,Barnes,G87,COMMERCIAL COMPLEX,SAHARANPUR,MALHIPUR,UTTAR PRADESH,463757,,
100000498,WQXSU92285,Arianna,Tucker,O543,PO SUKAL,LUCKNOW,BIJNAUR,UTTAR PRADESH,370592,,
100000499,BKMDL28853,Dominik,Williams,P660,DANAGADI,BAHRAICH,BAHRAICH,UTTAR PRADESH,585151,,
100000500,LJWQX67421,Miley,Casey,B321,MALKANGIRI,BARA BANKI,SAFDARGANJ,UTTAR PRADESH,437392,,
100000501,VGGKC31956,Kelvin,Armstrong,I68,WARD NO.15,BARA BANKI,BARA BANKI,UTTAR PRADESH,776970,,
100000502,HQVPB49419,Samantha,Scott,W645,OPP RAJROXI TALKIES,FATEHPUR,HASWA,UTTAR PRADESH,546405,,
100000503,FRHKR87467,Eric,Miller,I481,VYARA BRANCH,AMRITSAR,WADALA KALAN,PUNJAB,683269,,
100000504,NFVYT90618,Madaline,Morgan,P210,GIDDERBAHA,MANDLA,MANDLA,MADHYA PRADESH,570997,,
100000505,USEXD43579,Dale,Anderson,G515,ZIRA,ASHOK NAGAR,MUNGAOLI,MADHYA PRADESH,693600,,
100000506,XOUAT11501,Jared,Phillips,O535,NEAR BUS STAND,RAJGARH,RAJGRAH,MADHYA PRADESH,876593,,
100000507,GKQPY96494,Maddie,Johnston,D530,MANDI 141101MULLANPUR DHAKHA,NEEMUCH,JAWAD,MADHYA PRADESH,631577,,
100000508,NDCJR67715,Arnold,Richardson,Z458,MAIN ROAD,SURGUJA,SURAJPUR,CHHATTISGARH,539832,,
100000509,NHCKV27252,John,Roberts,A767,WARD NO 7,SHAHDOL,BURHAR,MADHYA PRADESH,469823,,
100000510,DFBZU70528,Rafael,Reed,Z606,NEAMATPUR,BIRBHUM,KARIDHYA,WEST BENGAL,226265,,
100000511,RFWXC31593,Brianna,Reed,M914,ARRAH GREEN PARK,BALESHWAR,BALASORE,ODISHA,419926,,
100000512,LPWQG32554,Garry,Harrison,C947,ANAJ MANDIKANINA,MANDI,LADBHAROL,HIMACHAL PRADESH,232596,,
100000513,OQCLP23854,Abigail,Brown,J161,ROHTAK ROADMEHAM,KANGRA,PAPROLA,HIMACHAL PRADESH,426940,,
100000514,IOXCA65910,Sawyer,Adams,O26,NEELOKHERI,KANGRA,NURPUR,HIMACHAL PRADESH,271292,,
100000515,VKBXE95072,Miller,Armstrong,F414,DISTT PANIPAT,KANGRA,NAGROTA SURIAN,HIMACHAL PRADESH,963607,,
100000516,DVOOH81439,Alan,Barnes,S559,NEARBUS STAND,RAISEN,KHARGONE,MADHYA PRADESH,200239,,
100000517,QHCUJ85837,Edith,Rogers,D777,ADJOINING HDFC BANKNEAR ANAJ MANDI,KANAUJ,INDERGARH,UTTAR PRADESH,440533,,
100000518,JOHOD94321,Frederick,Douglas,S627,ANAJ MANDI,SANGRUR,SUNAM,PUNJAB,307664,,
100000519,QBQER87825,Carina,Owens,S123,DADRI ROADMAHENDERGARH,SIMLA,CHOPAL,HIMACHAL PRADESH,285360,,
100000520,LTHUJ18947,Oliver,Hall,F501,NAVALURKOTTAPTTU,YANAM,YANAM,PUDUCHERRY,573017,,
100000521,JHJLD80511,Caroline,Hawkins,W562,NEAR TIWARI CHOWK,EAST GODAVARI,AMALAPURAM,ANDHRA PRADESH,508633,,
100000522,FVHXM94307,Audrey,Harper,Z108,MAIN MAKARWALI ROAD,SINDHUDURG,MALVAN,MAHARASHTRA,952049,,
100000523,JNNXQ80114,Ada,Wells,G660,SAPTHGIRI VANIGA.VANDAIKARA STREET,SINDHUDURG,KUDAL,MAHARASHTRA,590239,,
100000524,KUKFB27355,Carlos,Wright,E800,NEAR GREEN WOOD SCHOOLRAMPUR,SINDHUDURG,DEVGAD,MAHARASHTRA,827285,,
100000525,FELDQ25117,Alisa,Barrett,L844,GOGRI JAMALPUR,BHARUCH,BHARUCH,GUJARAT,733422,,
100000526,WWNLU89161,Darcy,Armstrong,Z43,WARD NO. 4,JODHPUR,JODHPUR,RAJASTHAN,301430,,
100000527,UOUAK60295,Spike,Adams,E474,NEAR TAHASIL OFFICEDIST,MEERUT,BAGHPAT,UTTAR PRADESH,975292,,
100000528,SHCMI76950,Sam,Warren,O127,GHASIPURADIST,EAST GODAVARI,TUNI,ANDHRA PRADESH,576860,,
100000529,QQCIZ52405,Julian,Johnston,G338,AMALAPADA,TINSUKIA,RANGAGORA ROAD,ASSAM,734276,,
100000530,OPRGB79621,Julian,Morris,J853,MARKET ROADTHODUPUZHA,SIVASAGAR,NAZIRA,ASSAM,946570,,
100000531,DNZYP99558,Tiana,Cunningham,K513,ANANTA VIHAR,DIMAPUR,NAHARBARI,ASSAM,174201,,
100000532,OODJS57334,Andrew,Thompson,M414,OLD TEACHERS COLONY,BANDA,UDHAMSINGH NAGR,UTTARAKHAND,284857,,
100000533,PSACZ34337,Naomi,Cooper,T624,TIKAMGARH,DAKSHIN KANNAD,KINNIGOLI,KARNATAKA,785750,,
100000534,RFCSJ41166,Alan,Cooper,T171,NEAR TIWARI CHOWK,DAKSHIN KANNAD,KADABA,KARNATAKA,592101,,
100000535,KLGMP53728,Sabrina,Bennett,F721,MAIN MAKARWALI ROAD,UDIPI,KOTA,KARNATAKA,275681,,
100000536,HSAUL18900,Freddie,Howard,V159,SARDAR PATEL WARD,BIRBHUM,BIRBHUM,WEST BENGAL,575875,,
100000537,AMUZA42762,Audrey,Ross,L62,GARDEN CHOWK,ETAWAH,ETAWAH,UTTAR PRADESH,925687,,
100000538,AFLZZ27909,Vincent,Johnson,I336,NEAR MANGO HOTELFISH MARKET ROAD,RANCHI,RANCHI,JHARKHAND,374492,,
100000539,GPMJG90223,Emma,Baker,F749,COLLEGE ROAD,KHUNT,KHUNTI,JHARKHAND,162698,,
100000540,QGUKX36768,Haris,Ellis,T891,AT PO PATRAPADADIST KHORDHA,MANSA,BHIKHI,PUNJAB,412092,,
100000541,ZSCWF59547,Myra,Brooks,G63,MUTHAIAH NAGAR,MURSHIDABAD,MURSHIDABAD,WEST BENGAL,424902,,
100000542,UFXEG92891,Blake,Warren,C976,P.O- SHEIKHPURADIST- SHEIKHPURA,PRATAPGARH,PAHARPUR,UTTAR PRADESH,507239,,
100000543,XJSKY87243,Oliver,Thomas,N376,JALALPURDIST- SARAN,RAI BARELIIY,SALONE,UTTAR PRADESH,490974,,
100000544,HTLOS20752,Penelope,Higgins,B264,ANANTA VIHAR,JAGDISHPUR,AZAMGARH,UTTAR PRADESH,556135,,
100000545,VQPIY52413,Reid,Gray,Z896,OLD TEACHERS COLONY,GORAKHPUR,GORAKHPUR,UTTAR PRADESH,487259,,
100000546,KVMRA24907,Michelle,Mason,C788,TIKAMGARH,AMETHI,AMETHI,UTTAR PRADESH,421568,,
100000547,GQPHT85617,Frederick,Perkins,L210,NEAR TIWARI CHOWK,KAMRUP METRO,CACHAR,ASSAM,234607,,
100000548,BXNRL44326,Naomi,Perkins,K145,MAIN MAKARWALI ROAD,KAMRUP METRO,CHIRANG,ASSAM,799511,,
100000549,BFLHG60107,Abigail,Williams,I42,SAPTHGIRI VANIGA.VANDAIKARA STREET,KAMRUP METRO,GORCHUK,ASSAM,531506,,
100000550,LRUPR15829,Sabrina,Baker,P433,NEAR GREEN WOOD SCHOOLRAMPUR,KAMRUP,GUWAHATI,ASSAM,215663,,
100000551,EWBNZ13741,Amy,Smith,L648,GOGRI JAMALPUR,KAMRUP,CHANGSARAI,ASSAM,455451,,
100000552,XBAPE48576,Reid,Elliott,O45,WARD NO. 4,SURAT,HAZIRA,GUJARAT,603637,,
100000553,YPDNM40285,Lana,Wells,D778,NEAR TAHASIL OFFICEDIST,MUNGER,MUNGER,BIHAR,366323,,
100000554,MXWKM70439,Frederick,Warren,M59,PS-GHASIPURADIST.-KEONJHAR,GAYA,PATNA,BIHAR,767869,,
100000555,JMFYD56315,Victor,Riley,U668,AMALAPADA,GOPALGANJ,GOPALGANJ,BIHAR,152106,,
100000556,CFGDX87020,Daniel,Taylor,M832,MARKET ROADTHODUPUZHA,PURI,SAKHIGOPAL,ODISHA,664896,,
100000557,FZHKG60723,Paul,Elliott,I645,ANANTA VIHAR,TRIJANGA,KALAHANDI,ODISHA,893485,,
100000558,EJKGG23012,Jacob,Stevens,W90,OLD TEACHERS COLONY,MALKANGIRI,MALKANGIRI,ODISHA,860635,,
100000559,YDCVU79149,Victoria,Morgan,X151,TIKAMGARH,SHEOHAR,SHEOHAR,BIHAR,615873,,
100000560,BLKFM53289,Robert,Douglas,Y739,NEAR TIWARI CHOWK,NARMADA,RAJPIPLA,GUJARAT,676747,,
100000561,FPHIH52763,Audrey,Morris,R646,MAIN MAKARWALI ROAD,TAPI,VYARA,GUJARAT,886417,,
100000562,QJKUW93577,Chloe,Tucker,W482,SARDAR PATEL WARD,MUKATSAR,MUKATSAR,PUNJAB,486902,,
100000563,PNVMP69360,Audrey,Barnes,Q169,GARDEN CHOWK,LUDHIANA,LUDHIANA,PUNJAB,654873,,
100000564,VSJTC47456,Nicole,Gray,Q754,NEAR MANGO HOTELFISH,FEROZEPUR,ZIRA,PUNJAB,542743,,
100000565,HSBZF76361,Lana,Baker,B599,COLLEGE ROAD,LUDHIANA,SAMRALA,PUNJAB,607095,,
100000566,IDMNZ29971,Amber,Farrell,I82,AT PO PATRAPADADIST KHORDHA,LUDHIANA,MULLANPUR DHAKA,PUNJAB,508726,,
100000567,MLJYR30151,Edith,Farrell,D243,MUTHAIAH NAGAR,NAGAUR,LADNUN,RAJASTHAN,102794,,
100000568,TGNOX14453,Reid,Allen,H329,P.O- SHEIKHPURADIST- SHEIKHPURA,DHAMTARI,KURUD,CHHATTISGARH,142049,,
100000569,ESNKW87526,Tara,Andrews,Y186,JALALPURDIST- SARAN,BASTAR,KONDAGAON,CHHATTISGARH,134568,,
100000570,AYCFB93216,Charlotte,Wilson,Z55,DINDORI NAKA,BARDDHAMAN,SITARAMPUR,WEST BENGAL,246840,,
100000571,OZQQR15245,Lilianna,Payne,G661,MUNGAOLI,BURDWAN,DURGAPUR,WEST BENGAL,238432,,
100000572,ZYONI65579,Vivian,Nelson,J780,MP NAGAR BY PASS ROAD,MAHINDER GARH,NARNAUL,HARYANA,410653,,
100000573,BBPCV77859,Naomi,Tucker,U679,COLLEGE ROAD,ROHTAK,MEHAM,HARYANA,211032,,
100000574,PQQRB38473,Dainton,Gray,G616,SURAJPUR,PANCHKULA,PANCHKULA,HARYANA,338674,,
100000575,KCZSN72754,Jordan,Evans,Q244,GANJ ROAD,YAMUNA NAGAR,YAMUNA NAGAR,HARYANA,405989,,
100000576,BBXJY76907,Sam,Foster,G22,KARIDHYA DIST BIRBHUM,KARNAL,KARNAL,HARYANA,305811,,
100000577,IDLWF99331,Sarah,Montgomery,J413,F.M.COLLEGE ROAD,PANIPAT,REWARI,HARYANA,547624,,
100000578,IVLTY13285,Victor,Warren,O17,TEHSILLAD-BHAROL,PANIPAT,PANIPAT,HARYANA,566535,,
100000579,QBYUR27331,Patrick,Owens,X488,TEHSIL BAIJNATH,HISSAR,HISSAR,HARYANA,264416,,
100000580,WHLGZ65996,Gianna,Ryan,V648,MAIN BAZAR,KAITHAL,KAITHAL,HARYANA,156259,,
100000581,BQSBJ68307,Jared,Fowler,O241,NAGROTA SURIANTEHSIL JAWAL,KAITHAL,KURUKSHETRA,HARYANA,215176,,
100000582,SXWCX83709,Jasmine,Murray,U802,OPPOSITE VANDANA,MAHENDER GARH,MAHINDER GARH,HARYANA,944880,,
100000583,DFARC47375,Sienna,Edwards,V481,VILLAGE INDER,TIRUCHIRAPALLI,NAVALURKOTAPATU,TAMIL NADU,445505,,
100000584,UEXSF19085,Honey,Hall,W772,ADJOINING SBIPATIALA ROAD,UKHRUL,UKHRUL,MANIPUR,189547,,
100000585,BOFYT67051,Violet,Harper,R58,DISTT.SHIMLA,SENAPATI,SENAPATI,MANIPUR,175507,,
100000586,LURMF53271,Jack,Craig,S850,BOATSTREET,COIMBATORE,R S PURAM,TAMIL NADU,948441,,
100000587,DMGGE78507,Annabella,Walker,I698,DOORNO6 4 96,THOUBAL,KAKCHING,MANIPUR,311936,,
100000588,VSFHX91198,Victor,Thomas,T750,DR.BELLOW ROAD,CHANDEL,CHANDEL,MANIPUR,899096,,
100000589,QSNJX90713,Sienna,Roberts,T413,TALUKA KUDAL,IMPHAL EAST,BISHNUPUR,MANIPUR,850140,,
100000590,ZXMEF39773,David,Craig,K803,DEVGAD,IMPHAL EAST,IMPHAL,MANIPUR,149856,,
100000591,MIDZN84852,Violet,Mason,M877,VPO KALAU TEHISIL SHERGARH,IMPHAL,SINGJAMEI,MANIPUR,875989,,
100000592,GOTBJ56798,Lucia,Hunt,L16,BAGPAT 250609,JHABUA,ALIRAJPUR,MADHYA PRADESH,589373,,
100000593,KDLEH61352,Sofia,Richardson,Z858,CINEMA ROAD,JHABUA,MEGHNAGAR,MADHYA PRADESH,276490,,
100000594,RMFOK64060,Dominik,Hawkins,G866,TINSUKIA,RUPNAGAR,MORINDA,PUNJAB,272079,,
100000595,PFDKR99778,Rosie,Anderson,G510,NAZIRA CHARIALIP.O.NAZIRA,PATIALA,GHANAUR,PUNJAB,392880,,
100000596,OETEM69021,Madaline,Brown,N364,NATIONAL HIGHWAY 29,FATEHGARH SAHIB,SIRHIND,PUNJAB,421356,,
100000597,NFXAR45261,Adrianna,Kelly,H521,JASPUR,DINDORI,DINDORI,MADHYA PRADESH,735402,,
100000598,VFJYK79078,Ned,Brooks,Z493,GR.FLOOR,BALAGHAT,BALAGHAT,MADHYA PRADESH,179378,,
100000599,UJLBY82364,Lenny,Ferguson,J179,KADABA MAIN ROAD,BETUL,BETUL,MADHYA PRADESH,800782,,
100000600,EDVRA23307,Jasmine,Ferguson,N434,JANUBAZAR,DATIA,DATIA,MADHYA PRADESH,994435,,
100000601,MMQMU61546,Samantha,Ryan,U701,NEAR TIWARI CHOWK,JUNAGADH,AGATRAI,GUJARAT,292704,,
100000602,ZQQAR45337,John,Kelley,W647,MAIN MAKARWALI ROAD,TOOTHUKUDI,MUDITHANANDAL,TAMIL NADU,471697,,
100000603,GUZCM44506,Elise,Tucker,H641,SAPTHGIRI VANIGA.VANDAIKARA STREET,NAGAUR,GACHHIPURA,RAJASTHAN,593578,,
100000604,BWXVU82936,Kellan,Hawkins,Y691,NEAR GREEN WOOD SCHOOLRAMPUR,RUPNAGAR,LANDRAN,PUNJAB,861546,,
100000605,LCELU43635,Victor,Cameron,Q916,GOGRI JAMALPUR,WEST TRIPURA,BISHALGARH,TRIPURA,563037,,
100000606,IEKTF27583,Cadie,Johnson,A925,WARD NO. 4,TONK,BANASTHALI VIDYAPITH,RAJASTHAN,310803,,
100000607,ABMNO62857,Kirsten,Perry,Q377,NEAR TAHASIL OFFICEDIST MAYURBHANJ,RUPNAGAR,BHARATGARH,PUNJAB,733183,,
100000608,SZSCY90511,Emily,Warren,R510,PS-GHASIPURADIST-KEONJHAR,TOOTHUKUDI,KARUNGULAM,TAMIL NADU,896438,,
100000609,BAHUW43986,Blake,Fowler,X156,AMALAPADA,PERAMBALUR,PERAMBALUR,TAMIL NADU,405432,,
100000610,IMUMM83641,Garry,Rogers,K678,MARKET ROADTHODUPUZHA,LUCKNOW,ITAUNJA,UTTAR PRADESH,426326,,
100000611,BJYFN20314,Lucy,Howard,C894,ANANTA VIHAR,SIRMAUR,RAJGARH,HIMACHAL PRADESH,715748,,
100000612,VRDOT49802,Joyce,Fowler,H208,OLD TEACHERS COLONY,DARRANG,UDALGURI,ASSAM,815194,,
100000613,DZAJX28676,Roland,Armstrong,W462,TIKAMGARH,RAJKOT,SUPEDI,GUJARAT,977874,,
100000614,CZARF58830,Amelia,Grant,B780,NEAR TIWARI CHOWK,MEDAK,SANGAREDDY,ANDHRA PRADESH,176312,,
100000615,ZAQGW56972,Henry,Murray,R34,MAIN MAKARWALI ROAD,TIRUNELVELI,TIRUNELVELI,TAMIL NADU,293553,,
100000616,LWLDG74811,Oliver,Reed,T17,SARDAR PATEL WARD,KAKROJHAR,GOSSAIGAON,ASSAM,807745,,
100000617,FPVXX15145,Vivian,Warren,H960,GARDEN CHOWK,THANJAVUR,PANDARAVADAI,TAMIL NADU,865035,,
100000618,QIWDB43117,Fenton,Ellis,Z184,NEAR MANGO HOTELFISH MARKET ROAD,LAKHIMPUR,JAMUGURIGHAT,ASSAM,346357,,
100000619,HGCMK40398,Adele,Grant,O608,COLLEGE ROAD,BONGAIGAON,BIJNI,ASSAM,195266,,
100000620,LYOQP84951,Clark,Myers,Q396,AT PO PATRAPADADIST KHORDHA,BARPETA,HOWLI,ASSAM,948339,,
100000621,QULAL18780,Abraham,Barnes,F761,MUTHAIAH NAGAR,KAKROJHAR,DOTMA,ASSAM,798128,,
100000622,MLBUP29300,Adelaide,Myers,U519,P.O- SHEIKHPURADIST- SHEIKHPURA,LUDHIANA,GHURANI,PUNJAB,198617,,
100000623,LOFSX99426,Vanessa,Williams,T23,JALALPURDIST- SARAN,BARGARH,BHATLI,ODISHA,264823,,
100000624,BLAGC66151,Ned,Thomas,C129,ANANTA VIHAR,MUNGER,SANGRAMPUR,BIHAR,162189,,
100000625,LXLVZ88563,Michael,Edwards,H145,OLD TEACHERS COLONY,BEGUSARAI,CHERIA BARIARPUR,BIHAR,876645,,
100000626,NTBGP91404,Roman,Brown,A488,TIKAMGARH,BEGUSARAI,BACHHWARA,BIHAR,978634,,
100000627,FRKIF78467,Garry,Nelson,P389,NEAR TIWARI CHOWK,ELURU,ELURU,ANDHRA PRADESH,496055,,
100000628,KAHEH24780,Melanie,Gray,G58,MAIN MAKARWALI ROAD,JAIPUR,KOTPUTLI,RAJASTHAN,930307,,
100000629,KOPMZ14584,Daryl,Perry,E139,SAPTHGIRI VANIGA.VANDAIKARA STREET,JAMUI,CHAKAI,BIHAR,477822,,
100000630,HNCYV34099,Deanna,Owens,F465,NEAR GREEN WOOD SCHOOLRAMPUR,TIRUCHIRAPALLI,MANACHANALLUR,TAMIL NADU,198962,,
100000631,TTRSA76152,Rosie,Thompson,B709,GOGRI JAMALPUR,MUNGER,TARAPUR,BIHAR,942079,,
100000632,SAIIM47703,Connie,Stevens,E532,WARD NO. 4,JUNAGADH,JUNAGADH,GUJARAT,185869,,
100000633,JSGVT10351,Adrian,Richards,J151,NEAR TAHASIL OFFICEDIST MAYURBHANJ,NALLIPALAYAM,NALLIPALAYAM,TAMIL NADU,756812,,
100000634,BAZGF18289,Chelsea,Taylor,G717,PS-GHASIPURADIST-KEONJHAR,SALEM,PEDDANAICKENPALAYA,TAMIL NADU,538207,,
100000635,CLVXM93941,Tony,Hunt,Z769,AMALAPADA,THOTLAVALLURU-AP,THOTLAVALLURU-AP,ANDHRA PRADESH,916135,,
100000636,IQRZF40135,Caroline,Alexander,M855,MARKET ROADTHODUPUZHA,CUDDALORE,NELLIKUPPAM,TAMIL NADU,695816,,
100000637,NGGVN25833,Sawyer,Bailey,U592,ANANTA VIHAR,DHUBRI - GUWAHATI,DHUBRI - GUWAHATI,ASSAM,644148,,
100000638,PTJSL92978,Isabella,Armstrong,P329,OLD TEACHERS COLONY,HUGLI,GURAP,WEST BENGAL,240542,,
100000639,QTHHV80976,Sarah,Moore,E448,TIKAMGARH,DHAR,NANGDA,MADHYA PRADESH,984607,,
100000640,LYULI83755,Audrey,Rogers,X486,NEAR TIWARI CHOWK,LUDHIANA,RAUNI,PUNJAB,912072,,
100000641,KYYQM84542,Briony,Owens,M472,MAIN MAKARWALI ROAD,RUPNAGAR,KHIZRABAD,PUNJAB,864987,,
100000642,JLCPM38773,Adrianna,Martin,S592,SARDAR PATEL WARD,GURDASPUR,SIDHWAN,PUNJAB,751439,,
100000643,DVGPN66839,Lily,Douglas,R816,GARDEN CHOWK,JODHPUR,ASOP,RAJASTHAN,523819,,
100000644,ZRAXD85651,Harold,Russell,G296,NEAR MANGO HOTELFISH,DAUSA,DAUSA,RAJASTHAN,789976,,
100000645,CIPNS71408,Carlos,Miller,Q861,COLLEGE ROAD,DHENKANAL,KHARAGPRASAD,ODISHA,705399,,
100000646,VRBTF73346,Roman,Morgan,U731,AT PO PATRAPADADIST KHORDHA,BARDDHAMAN,SAHAPUR,WEST BENGAL,297567,,
100000647,XTYWB54866,Eleanor,Carter,I137,MUTHAIAH NAGAR,HUGLI,KHANAKUL,WEST BENGAL,107078,,
100000648,NLYVV35058,Tess,Casey,E400,SHEIKHPURADIS SHEIKHPURA,JAIPUR,BAGRU,RAJASTHAN,627948,,
100000649,EYFFS95168,David,Tucker,U997,JALALPURDIST- SARAN,SURI,SURI,WEST BENGAL,914240,,
100000650,INNJM35651,William,Harrison,T500,DINDORI NAKA,NAGAUR,GOTAN,RAJASTHAN,249577,,
100000651,LNNBW71415,Alexander,Wright,Y442,MUNGAOLI,CHHOTIKHATU,CHHOTIKHATU,RAJASTHAN,288735,,
100000652,KLUDT58781,Blake,Thomas,T179,MP NAGAR BY PASS ROAD,BORAWAR,BORAWAR,RAJASTHAN,101963,,
100000653,RUNAK49685,Frederick,Davis,Y446,COLLEGE ROAD,ANGUL,PALLAHARA,ODISHA,936104,,
100000654,BCWSZ86665,Ashton,Williams,B812,SURAJPUR,MOHALI,MOHALI,PUNJAB,611567,,
100000655,VMNHL20623,Alina,Ross,T144,GANJ ROAD,NAHAN,NAHAN,HIMACHAL PRADESH,317903,,
100000656,HTREY25447,Naomi,Hawkins,R69,KARIDHYA DIST BIRBHUM,OSMANABAD,MOHA,MAHARASHTRA,168531,,
100000657,IRNKJ80221,Anna,Barnes,W18,F.M.COLLEGE ROAD,RUPNAGAR,RUPNAGAR,PUNJAB,744558,,
100000658,GRPRR31356,Mary,Evans,Y515,TEHSILLAD-BHAROL,DHENKANAL,DHENKANAL,ODISHA,537188,,
100000659,WRJQK35287,Chester,West,C281,TEHSIL BAIJNATH,SINGH BHAGWANTPURA,SINGH BHAGWANTPURA,PUNJAB,378872,,
100000660,SLJRK54535,Agata,Allen,Z538,MAIN BAZAR,NAYAGARH,RANPUR,ODISHA,969954,,
100000661,BFDFE27488,Maya,Wilson,R929,NAGROTA SURIANTEHSIL JAWAL,KHIRPAI,KHIRPAI,WEST BENGAL,872705,,
100000662,WMGON64369,Lilianna,Clark,L59,OPPOSITE VANDANA BOOT,MUNGER,MUNGHYR,BIHAR,289775,,
100000663,DWKLS76000,Maximilian,Montgomery,W625,VILLAGE INDER GARHI DASNA DEHANEAR,KHURDA,BANPUR,ODISHA,917141,,
100000664,BHKMD45394,Dale,Evans,L651,ADJOINING SBIPATIALA ROAD,SIBSAGAR,SONARI,ASSAM,427610,,
100000665,QGMBT50706,Adrian,Murray,C43,DISTT.SHIMLA,SIMLA,SARAIN,HIMACHAL PRADESH,694158,,
100000666,NPRUD10467,Albert,Riley,P349,BOATSTREET,SONITPUR,RANGAPARA,ASSAM,866657,,
100000667,WJTYR67807,Freddie,Hill,Z922,DOORNO6 4 96,GANJAM,HINJILI,ODISHA,558159,,
100000668,ZIGCM71764,Ryan,Hawkins,A241,DR.BELLOW ROAD,LUDHIANA,RUMI,PUNJAB,266597,,
100000669,GTVAI53124,Charlie,Myers,I373,TALUKA KUDAL,TINSUKIA,CHARALI,ASSAM,784685,,
100000670,TEYLH39623,Walter,Andrews,E166,DEVGAD,FATEHGARH SAHIB,SANGOL,PUNJAB,167355,,
100000671,ZZWWM93555,Elise,Andrews,A132,VPO KALAU TEHISIL SHERGARH,AMALGORA - HOWRAH,AMALGORA - HOWRAH,WEST BENGAL,106574,,
100000672,IPVGR94618,Amy,Holmes,N315,BAGPAT 250609,LUDHIANA,KOHARA,PUNJAB,448307,,
100000673,ZSTXI20862,Savana,Baker,Q957,CINEMA ROAD,BURDWAN,BURDWAN,WEST BENGAL,317900,,
100000674,CQDRL57962,Alina,Armstrong,N767,TINSUKIA,DHUBRI,GAURIPUR,ASSAM,543404,,
100000675,FISED25652,Max,Richardson,H473,NAZIRA CHARIALIP.O.NAZIRA,DEOGARH,DEOGARH,ODISHA,105502,,
100000676,AFSLD57022,Robert,Martin,V797,NATIONAL HIGHWAY 29,LAKHISARAI,SURAJGARH,BIHAR,210515,,
100000677,LPPUH76723,Haris,Turner,H540,JASPUR,NAYAGARH,DASPALLA,ODISHA,907977,,
100000678,DFITR31948,Walter,Payne,V844,GR.FLOOR,NIMAPARA,NIMAPARA,ODISHA,302749,,
100000679,ANESX82323,Reid,Stewart,X948,KADABA MAIN ROAD,NALBARI,TIHU,ASSAM,535718,,
100000680,FAZEN39909,Belinda,Barnes,H969,JANUBAZAR,BARPETA,SARTHEBARI,ASSAM,502695,,
100000681,LKQJY43096,Gianna,Harris,W772,CIVIL LINES,SIMLA,NARKANDA,HIMACHAL PRADESH,628766,,
100000682,GHVGC32183,Savana,Perkins,U233,GUTWA BRANCH,KANDAGHAT,KANDAGHAT,HIMACHAL PRADESH,997250,,
100000683,YPEPI14303,Kimberly,Nelson,Y253,KHUNTI BRANCH,MAHMUDABAD - UP,MAHMUDABAD - UP,UTTAR PRADESH,264127,,
100000684,YMXST19463,Paul,Cameron,I612,MOUZA TALGACHI,AMRAVATI,AMRAVATI,MAHARASHTRA,381252,,
100000685,XQESN68416,Ellia,Johnston,V762,TEHSIL LALGANJ,NAGAUR,KUCHAMAN,RAJASTHAN,290405,,
100000686,JNQWI89632,Brooke,Williams,X104,BLOCK SALONE,SALEM,SALEM,TAMIL NADU,556400,,
100000687,VEWKG64669,Preston,Brown,U687,BLOCK CHHATOH,NAMAGIRIPETTAI,NAMAGIRIPETTAI,TAMIL NADU,811971,,
100000688,KIFWH97698,Catherine,Carroll,J640,HATA BAZARVILL HATA BAZAR,PALI,SADRI,RAJASTHAN,355572,,
100000689,IRCWR76341,Audrey,Edwards,T836,TEHSIL TILOI,DEORIA,RUDRAPUR,UTTARAKHAND,633114,,
100000690,HUXIB81096,David,Sullivan,S923,HOUSE OF SITANATH KAR,ARARIA,JOGBANI,BIHAR,904975,,
100000691,LTQCG84582,Belinda,Higgins,F563,SUBANTI LANE POMOHI ROAD,MURSHIDABAD,DHULIAN,WEST BENGAL,260034,,
100000692,KOEBQ51310,Kellan,Wilson,S594,OPP. HOUSING BUS STOP,GAUTAM BUDDHA NAGAR,BILASPUR,UTTAR PRADESH,791977,,
100000693,ZQGUF50535,Blake,Adams,O183,NH 31DIST.KAMRUP,SAHEBGANJ,SAHIBGANJ,JHARKHAND,772188,,
100000694,GCVZQ32688,Natalie,Turner,G551,SHOP NO 1,UDHAM SINGH NAGAR,GADARPUR,UTTARAKHAND,416702,,
100000695,XWHMQ80790,Michael,Murphy,K555,NEAR BANK OF INDIA,RAJKOT,RAJKOT,GUJARAT,871174,,
100000696,UBFVE12291,Brad,Armstrong,K309,EAST MANGER BIGHA,VALLABH VIDYANAGAR,VALLABH VIDYANAGAR,GUJARAT,811622,,
100000697,USZSM29469,Wilson,Stevens,C307,COMMERCIAL COMPLEX,BALLIA,HALDI,UTTARAKHAND,118803,,
100000698,KQNQW27872,Ellia,Evans,C991,PO SUKAL,ROHRU,ROHRU,HIMACHAL PRADESH,964524,,
100000699,QAFMB97089,Amber,Wilson,Z76,DANAGADI,BHAVNAGAR,MAHUVA,GUJARAT,192173,,
100000700,GGEIX41608,Nicholas,Cunningham,P432,MALKANGIRI,EAST KHASI HILLS,CHERRAPUNJI,MEGHALAYA,512970,,
100000701,MVTAF92936,Naomi,Campbell,B992,WARD NO.15,BARAMULLA,SOPORE,JAMMU AND KASHMIR,480094,,
100000702,GHKQI55742,Lydia,Gibson,X307,OPP RAJROXI TALKIES,ANAND,BANDHANI,GUJARAT,390770,,
100000703,OZESE37849,Kristian,Grant,K43,VYARA BRANCH,KHEDA,ATARSUMBA,GUJARAT,136366,,
100000704,PKWUN20324,Grace,Johnston,V843,GIDDERBAHA,PATAN,UNJHA,GUJARAT,923228,,
100000705,BZWRN76779,Jordan,Perry,Q432,ZIRA,RAISEN,BARELI,MADHYA PRADESH,733142,,
100000706,GEOEE42878,Savana,Armstrong,H203,NEAR BUS STAND,NAVSARI,GADAT,GUJARAT,724827,,
100000707,PYZMD91225,Garry,Morgan,I687,MANDI 141101MULLANPUR DHAKHA,GANGANAGAR,JETSAR,RAJASTHAN,417496,,
100000708,PGDPQ48220,Vincent,Brown,L708,MAIN ROAD,KISHANGANJ,KISHANGANJ,BIHAR,140543,,
100000709,ODFBZ34855,James,Bennett,R533,WARD NO 7,NASIK,NASIK,MAHARASHTRA,590683,,
100000710,PDLGV30215,Briony,Armstrong,Y583,NEAMATPUR,MUZAFFARNAGAR,MUZAFFARNAGAR,UTTAR PRADESH,175348,,
100000711,YZHUI29207,Luke,Kelly,A511,ARRAH GREEN PARK,BARDDHAMAN,BAHULA,WEST BENGAL,987755,,
100000712,SXSTG54067,Henry,Richards,S944,ANAJ MANDIKANINA,BULANDSHAHAR,BULANDSHAHAR,UTTAR PRADESH,137894,,
100000713,DPTWJ33037,Grace,Stevens,V47,ROHTAK ROADMEHAM,HARIPAL - BENGAL,HARIPAL - BENGAL,WEST BENGAL,810000,,
100000714,NXBMI58801,Ted,Mitchell,N981,NEELOKHERI,HUBLI,HUBLI,KARNATAKA,241695,,
100000715,GUUZX51332,George,Myers,W13,DISTT PANIPAT,KALAMB,KALAMB,MAHARASHTRA,895611,,
100000716,PDOAG18691,Michelle,Hunt,X855,NEARBUS STAND,JALANDHAR,BHOGPUR,PUNJAB,354302,,
100000717,SJMQI39148,Adison,Morris,P920,ADJOINING HDFC BANKNEAR ANAJ MANDI,BHARATPUR,BHUSAWAR,RAJASTHAN,564153,,
100000718,XVXXM20382,Daisy,Farrell,B768,ANAJ MANDI,JAIPUR,NARAINA,RAJASTHAN,901055,,
100000719,GRTFU24156,Arnold,Kelley,P34,DADRI ROADMAHENDERGARH,SONEPAT - HARYANA,SONEPAT - HARYANA,HARYANA,218101,,
100000720,NYRDH52605,Carina,Grant,X573,NAVALURKOTTAPTTU,BULANDSHAHR,SHIKARPUR,UTTAR PRADESH,518921,,
100000721,MQDYJ61408,Chester,Allen,T852,NEAR TIWARI CHOWK,NORTH GOA,MARDOL,GOA,644808,,
100000722,EFQEE30164,David,Cole,J634,MAIN MAKARWALI ROAD,PONDICHERRY,BAHOUR,PUDUCHERRY,621213,,
100000723,AXOXV72532,Lyndon,Spencer,J131,SAPTHGIRI VANIGA.VANDAIKARA STREET,BHARUCH,HANSOT,GUJARAT,431602,,
100000724,MSQDI21746,Lily,Harris,A369,NEAR GREEN WOOD SCHOOLRAMPUR,PURNEA,PURNEA,BIHAR,204570,,
100000725,MLMTN70627,Olivia,Murphy,R384,GOGRI JAMALPUR,BANKURA,DUBRAJPUR,WEST BENGAL,199189,,
100000726,RSZWJ20127,Robert,Gibson,B646,WARD NO. 4,HUGLI,UTTARPARA KOTRUNG,WEST BENGAL,676891,,
100000727,SZKKP95367,Rubie,Ross,D30,NEAR TAHASIL OFFICEDIST,AGRA,ACHNERA,UTTAR PRADESH,500818,,
100000728,WLZWE59050,Sofia,Taylor,N741,GHASIPURADIST,NAGAUR,NAGAUR,MAHARASHTRA,208516,,
100000729,LMVAY19178,Wilson,Moore,Z605,AMALAPADA,SEHORE,SEHORE,MADHYA PRADESH,597883,,
100000730,ISAGZ54694,Frederick,Richards,Z408,MARKET ROADTHODUPUZHA,ASANSOL,ASANSOL,WEST BENGAL,502444,,
100000731,AFDOY90175,Agata,Ellis,N731,ANANTA VIHAR,JHAJHA - BIHAR,JHAJHA - BIHAR,BIHAR,706476,,
100000732,TASXG18670,Vivian,Thompson,Z82,OLD TEACHERS COLONY,SAMBALPUR,HIRAKUD,ODISHA,542714,,
100000733,NCHPT64172,Catherine,Williams,P669,TIKAMGARH,"ASHOK NAGAR, 24 PARGANA NORTH","ASHOK NAGAR, 24 PARGANA NORTH",WEST BENGAL,854526,,
100000734,ZJAFF59621,Ada,Thomas,K546,NEAR TIWARI CHOWK,JALPAIGURI,MAINAGURI,WEST BENGAL,160092,,
100000735,DIESI33859,Ellia,Barrett,Y279,MAIN MAKARWALI ROAD,MARGAO,MARGAO,GOA,961689,,
100000736,UHDGD44345,Agata,Mitchell,E511,SARDAR PATEL WARD,DAMAN,DAMAN,DAMAN AND DIU,886842,,
100000737,FZMGM60352,Daisy,Bennett,A345,GARDEN CHOWK,SAGAR,SAGAR,MADHYA PRADESH,119823,,
100000738,TPWHU44763,Emma,Perkins,G239,NEAR MANGO HOTELFISH MARKET ROAD,JHUNJHUNU,MUKUNDGARH,RAJASTHAN,426242,,
100000739,CJYVR42387,Olivia,Bailey,A949,COLLEGE ROAD,BHAVNAGAR,BHAVNAGAR,GUJARAT,471703,,
100000740,YHNTO50573,Florrie,Edwards,Y713,AT PO PATRAPADADIST KHORDHA,JALANDHAR,SHAHKOT,PUNJAB,698309,,
100000741,GCIIC58394,Lyndon,Craig,X201,MUTHAIAH NAGAR,RAISEN,RAISEN,MADHYA PRADESH,704972,,
100000742,XSFZX16278,Adison,Grant,P479,P.O- SHEIKHPURADIST- SHEIKHPURA,CHAKLASHI - GUJARAT,CHAKLASHI - GUJARAT,GUJARAT,433574,,
100000743,WDANI37128,Eddy,Robinson,R75,JALALPURDIST- SARAN,JAORA,JAORA,MADHYA PRADESH,782407,,
100000744,TMCLI38442,Lucas,Martin,V822,ANANTA VIHAR,JAIPUR,RENWAL,RAJASTHAN,445747,,
100000745,YSJPO28557,Clark,Stewart,Y450,OLD TEACHERS COLONY,BHARATPUR,BHARATPUR,RAJASTHAN,322291,,
100000746,OKDXK76703,Elise,Dixon,P127,TIKAMGARH,BOKARO,BERMO,JHARKHAND,502172,,
100000747,QLBVA70421,Tiana,Owens,O172,NEAR TIWARI CHOWK,TEZPUR,TEZPUR,ASSAM,130446,,
100000748,KMICH38971,George,Brown,L342,MAIN MAKARWALI ROAD,BRAJRAJNAGAR,BRAJRAJNAGAR,ODISHA,797489,,
100000749,UYCIM66976,Lily,Richards,F566,SAPTHGIRI VANIGA.VANDAIKARA STREET,ERNAKULAM,ANGAMALY,KERALA,271101,,
100000750,EJOAG96466,Alexander,Crawford,V718,NEAR GREEN WOOD SCHOOLRAMPUR,WEST GODAVARI,ATTILI,ANDHRA PRADESH,978104,,
100000751,WGUQV78735,Elian,Perry,Z403,GOGRI JAMALPUR,BAREILLY-UP,BAREILLY-UP,UTTAR PRADESH,210141,,
100000752,ASSXF18115,Martin,Scott,G101,WARD NO. 4,MAITHON,MAITHON,JHARKHAND,376900,,
100000753,YBYKW32648,Leonardo,Thompson,Y59,NEAR TAHASIL OFFICEDIST,BANDEL,BANDEL,WEST BENGAL,873425,,
100000754,FIXBR64393,Amber,Brown,N590,PS-GHASIPURADIST.-KEONJHAR,BULSAR,BULSAR,GUJARAT,827578,,
100000755,EWCLY15486,Leonardo,Kelley,A588,AMALAPADA,BERHAMPUR,BERHAMPUR,ODISHA,713585,,
100000756,NTUJG33146,Elian,Craig,Q50,MARKET ROADTHODUPUZHA,MUZAFFARNAGAR,KANDHLA,UTTAR PRADESH,632275,,
100000757,SDOXZ16319,Max,Grant,Z936,ANANTA VIHAR,KARJAT - MUMBAI,KARJAT - MUMBAI,MAHARASHTRA,742994,,
100000758,GLBOQ41585,Chloe,Harris,G959,OLD TEACHERS COLONY,PANJIM,PANJIM,GOA,720000,,
100000759,QSYET58542,Blake,Harris,M589,TIKAMGARH,MUNDIYAMPAKKOM,MUNDIYAMPAKKOM,TAMIL NADU,440028,,
100000760,SILMR16224,Daniel,Crawford,V240,NEAR TIWARI CHOWK,SIMLA,THANEDHAR,HIMACHAL PRADESH,356087,,
100000761,ZYYQK63793,Patrick,Hawkins,G87,MAIN MAKARWALI ROAD,DIBRUGARH,DIBRUGARH,ASSAM,686581,,
100000762,FPREN55107,Heather,Walker,I156,SARDAR PATEL WARD,PANCHKULA,PINJORE,HARYANA,893282,,
100000763,ZQJRX95607,Fenton,Tucker,Q101,GARDEN CHOWK,KOZHIKODE,MAVOOR,KERALA,757660,,
100000764,FCTJQ20532,Alford,Morgan,Y935,NEAR MANGO HOTELFISH,ANAND,CAMBAY,GUJARAT,637698,,
100000765,BFLTK22524,Leonardo,Ross,V107,COLLEGE ROAD,VASCO DA GAMA,VASCO DA GAMA,GOA,149508,,
100000766,FMRJK97494,Nicholas,Douglas,D823,AT PO PATRAPADADIST KHORDHA,SONBHADRA,ROBERTSGANJ,UTTAR PRADESH,914111,,
100000767,QFWUL76528,Alfred,Cameron,Y911,MUTHAIAH NAGAR,KHEDA,NADIAD,GUJARAT,662423,,
100000768,UVIKF71875,Spike,Harper,Q301,P.O- SHEIKHPURADIST- SHEIKHPURA,CHOMU,CHOMU,RAJASTHAN,903770,,
100000769,HHQIM35173,Mike,Wright,G785,JALALPURDIST- SARAN,KHAIRTHAL,KHAIRTHAL,RAJASTHAN,679479,,
100000770,DTROK47821,Heather,Gray,C8,DINDORI NAKA,KOZHIKODE - KERALA,KOZHIKODE - KERALA,KERALA,495168,,
100000771,JCCYT91043,Tara,Ross,Y242,MUNGAOLI,RENUKOOT,RENUKOOT,UTTAR PRADESH,140731,,
100000772,ZEZAB70510,Reid,Hunt,B223,MP NAGAR BY PASS ROAD,NAGAPATTINAM,NAGAPATTINAM,TAMIL NADU,112889,,
100000773,UTLHQ79177,Edith,Higgins,D248,COLLEGE ROAD,BATHINDA,BATHINDA,PUNJAB,287711,,
100000774,MOCCF21340,Jenna,Higgins,Z66,SURAJPUR,MUKTSAR,MALOUT,PUNJAB,850814,,
100000775,OZVQW54398,Rafael,Miller,C819,GANJ ROAD,PORBANDAR,PORBANDAR,GUJARAT,573022,,
100000776,ROYFK89420,April,Parker,H545,KARIDHYA DIST BIRBHUM,BHILAI,BHILAI,MADHYA PRADESH,194684,,
100000777,QGNWK34461,Adrianna,Armstrong,U753,F.M.COLLEGE ROAD,JALANDHAR,NAKODAR,PUNJAB,947277,,
100000778,YCFGG61114,Amy,Farrell,F772,TEHSILLAD-BHAROL,SRINAGAR,SRINAGAR,JAMMU AND KASHMIR,471769,,
100000779,AZULM11025,Kevin,Watson,W367,TEHSIL BAIJNATH,THANJAVUR,KUMBAKONAM,TAMIL NADU,354586,,
100000780,FLDBQ51969,Fiona,Gray,C740,MAIN BAZAR,SRI GANGANAGAR,SRI GANGANAGAR,RAJASTHAN,698704,,
100000781,FCTKU61336,Olivia,Hamilton,R580,NAGROTA SURIANTEHSIL JAWAL,UTTARAPARA - WEST BENGAL,UTTARAPARA - WEST BENGAL,WEST BENGAL,474339,,
100000782,NXFPV96715,Adrian,Ross,H978,OPPOSITE VANDANA,NAGDA,NAGDA,MADHYA PRADESH,772405,,
100000783,XRIKR21648,Vanessa,Carter,D875,VILLAGE INDER,AGRA,PINAHAT,UTTAR PRADESH,906245,,
100000784,EHAJY21497,Deanna,Carroll,B638,ADJOINING SBIPATIALA ROAD,NAVSARI,NAVSARI,GUJARAT,529787,,
100000785,GXNQC16185,Rafael,Bennett,O495,DISTT.SHIMLA,AGARTALA,AGARTALA,TRIPURA,652248,,
100000786,ETQNV71481,Sienna,Richards,V9,BOATSTREET,SHILLONG,SHILLONG,MEGHALAYA,943569,,
100000787,YQVJY65572,William,Andrews,V224,DOORNO6 4 96,ANAND,ANAND,GUJARAT,469549,,
100000788,QJIPS74067,David,Andrews,I9,DR.BELLOW ROAD,JAMNAGAR,JAMNAGAR,GUJARAT,654157,,
100000789,YYMIK18356,Vivian,Gray,A384,TALUKA KUDAL,SILCHAR,SILCHAR,ASSAM,316449,,
100000790,DHBXN76782,Sophia,Alexander,Z117,DEVGAD,RAJKOT,DHORAJI,GUJARAT,331449,,
100000791,IXUNN32569,Alfred,Armstrong,K285,VPO KALAU TEHISIL SHERGARH,RAJKOT,GONDAL,GUJARAT,587741,,
100000792,JXDIS37322,Madaline,Jones,L447,BAGPAT 250609,QUILON,QUILON,KERALA,452867,,
100000793,YUFLZ52389,Miley,Holmes,V993,CINEMA ROAD,MORENA,MORENA,MADHYA PRADESH,508517,,
100000794,GTQEY95487,Steven,Turner,G238,TINSUKIA,DABRA,DABRA,MADHYA PRADESH,470481,,
100000795,WAZCM25330,Brianna,Walker,D192,NAZIRA CHARIALIP.O.NAZIRA,SIVAGANGA,KARAIKUDI,TAMIL NADU,445017,,
100000796,XNKJC24014,Lucas,Murphy,L947,NATIONAL HIGHWAY 29,DEOGHAR - RANCHI,DEOGHAR - RANCHI,JHARKHAND,421932,,
100000797,BKAEK33827,Joyce,Myers,U873,JASPUR,JHUNJHUNU,PILANI,RAJASTHAN,813275,,
100000798,NGDEM54355,Marcus,Cole,R944,GR.FLOOR,BHIND,BHIND,MADHYA PRADESH,435104,,
100000799,ASQWI38864,Richard,Gibson,Q115,KADABA MAIN ROAD,VIDISHA,VIDISHA,MADHYA PRADESH,495004,,
100000800,YYBWW51379,Deanna,Tucker,I963,JANUBAZAR,BHADRA,BHADRA,GUJARAT,473034,,
,,,,,,,,,,,
,,,,,,,,,,,
,,,,,,,,,,,
,,,,,,,,,,,
,,,,,,,,,,,
,,,,,,,,,,,
,,,,,,,,,,,
,,,,,,,,,,,
,,,,,,,,,,,
,,,,,,,,,,,
,,,,,,,,,,,
,,,,,,,,,,,
,,,,,,,,,,,
,,,,,,,,,,,
,,,,,,,,,,,
,,,,,,,,,,,
,,,,,,,,,,,
,,,,,,,,,,,
,,,,,,,,,,,
,,,,,,,,,,,
,,,,,,,,,,,
,,,,,,,,,,,
,,,,,,,,,,,
,,,,,,,,,,,
,,,,,,,,,,,
,,,,,,,,,,,
,,,,,,,,,,,
,,,,,,,,,,,
,,,,,,,,,,,
,,,,,,,,,,,
,,,,,,,,,,,
,,,,,,,,,,,
,,,,,,,,,,,
,,,,,,,,,,,
,,,,,,,,,,,
,,,,,,,,,,,
,,,,,,,,,,,
,,,,,,,,,,,
,,,,,,,,,,,
,,,,,,,,,,,
,,,,,,,,,,,
,,,,,,,,,,,
,,,,,,,,,,,
,,,,,,,,,,,
,,,,,,,,,,,
,,,,,,,,,,,
,,,,,,,,,,,
,,,,,,,,,,,
,,,,,,,,,,,
,,,,,,,,,,,
,,,,,,,,,,,
,,,,,,,,,,,
,,,,,,,,,,,
,,,,,,,,,,,
,,,,,,,,,,,
,,,,,,,,,,,
,,,,,,,,,,,
,,,,,,,,,,,
,,,,,,,,,,,
,,,,,,,,,,,
,,,,,,,,,,,
,,,,,,,,,,,
,,,,,,,,,,,
,,,,,,,,,,,
,,,,,,,,,,,
,,,,,,,,,,,
,,,,,,,,,,,
,,,,,,,,,,,
,,,,,,,,,,,
,,,,,,,,,,,
,,,,,,,,,,,
,,,,,,,,,,,
,,,,,,,,,,,
,,,,,,,,,,,
,,,,,,,,,,,
,,,,,,,,,,,
,,,,,,,,,,,
,,,,,,,,,,,
,,,,,,,,,,,
,,,,,,,,,,,
,,,,,,,,,,,
,,,,,,,,,,,
,,,,,,,,,,,
,,,,,,,,,,,
,,,,,,,,,,,
,,,,,,,,,,,
,,,,,,,,,,,
,,,,,,,,,,,
,,,,,,,,,,,
,,,,,,,,,,,
,,,,,,,,,,,
,,,,,,,,,,,
,,,,,,,,,,,
,,,,,,,,,,,
,,,,,,,,,,,
,,,,,,,,,,,
,,,,,,,,,,,
,,,,,,,,,,,
,,,,,,,,,,,
,,,,,,,,,,,
,,,,,,,,,,,
,,,,,,,,,,,
,,,,,,,,,,,
,,,,,,,,,,,
,,,,,,,,,,,
,,,,,,,,,,,
,,,,,,,,,,,
,,,,,,,,,,,
,,,,,,,,,,,
,,,,,,,,,,,
,,,,,,,,,,,
,,,,,,,,,,,
,,,,,,,,,,,
,,,,,,,,,,,
,,,,,,,,,,,
,,,,,,,,,,,
,,,,,,,,,,,
,,,,,,,,,,,
,,,,,,,,,,,
,,,,,,,,,,,
,,,,,,,,,,,
,,,,,,,,,,,
,,,,,,,,,,,
,,,,,,,,,,,
,,,,,,,,,,,
,,,,,,,,,,,
,,,,,,,,,,,
,,,,,,,,,,,
,,,,,,,,,,,
,,,,,,,,,,,
,,,,,,,,,,,
,,,,,,,,,,,
,,,,,,,,,,,
,,,,,,,,,,,
,,,,,,,,,,,
,,,,,,,,,,,
,,,,,,,,,,,
,,,,,,,,,,,
,,,,,,,,,,,
,,,,,,,,,,,
,,,,,,,,,,,
,,,,,,,,,,,
,,,,,,,,,,,
,,,,,,,,,,,
,,,,,,,,,,,
,,,,,,,,,,,
,,,,,,,,,,,
,,,,,,,,,,,
,,,,,,,,,,,
,,,,,,,,,,,
,,,,,,,,,,,
,,,,,,,,,,,
,,,,,,,,,,,
,,,,,,,,,,,
,,,,,,,,,,,
,,,,,,,,,,,
,,,,,,,,,,,
,,,,,,,,,,,
,,,,,,,,,,,
,,,,,,,,,,,
,,,,,,,,,,,
,,,,,,,,,,,
,,,,,,,,,,,
,,,,,,,,,,,
,,,,,,,,,,,
,,,,,,,,,,,
,,,,,,,,,,,
,,,,,,,,,,,
,,,,,,,,,,,
,,,,,,,,,,,
,,,,,,,,,,,
,,,,,,,,,,,
,,,,,,,,,,,
,,,,,,,,,,,
,,,,,,,,,,,
,,,,,,,,,,,
,,,,,,,,,,,
,,,,,,,,,,,
,,,,,,,,,,,
,,,,,,,,,,,
,,,,,,,,,,,
,,,,,,,,,,,
,,,,,,,,,,,
,,,,,,,,,,,
,,,,,,,,,,,
,,,,,,,,,,,
,,,,,,,,,,,
,,,,,,,,,,,
,,,,,,,,,,,
,,,,,,,,,,,
,,,,,,,,,,,
,,,,,,,,,,,
,,,,,,,,,,,
,,,,,,,,,,,
,,,,,,,,,,,
,,,,,,,,,,,
,,,,,,,,,,,
,,,,,,,,,,,
,,,,,,,,,,,
,,,,,,,,,,,
