Document Id,Loan Id,Document Pdf
10051,10051,efcnlkj45r
10052,10052,f96riehipm
10053,10053,q66jecnrt2
10054,10054,lhsfezmfme
10055,10055,zqth9r0axd
10056,10056,2juh07hcvz
10057,10057,1ie4jvysum
10058,10058,lphv32itvg
10059,10059,jljujt02yo
10060,10060,t7mh9heq0k
10061,10061,1q0p88byei
10062,10062,mbe4dew7d1
10063,10063,0pqhl22tbd
10064,10064,7yekaf6wu8
10065,10065,fp23z1ka2a
10066,10066,r8tyk8tm4v
10067,10067,1fwptkrtns
10068,10068,pdf5hoot4t
10069,10069,xo88d017l2
10070,10070,57248bzt26
10071,10071,pdx5nd3w1w
10072,10072,58xhcgyou7
10073,10073,mqecrjuazp
10074,10074,j0zph8fdkl
10075,10075,ne2ar9u3q6
,,
,,
,,
,,
,,
,,
,,
,,
,,
,,
,,
,,
,,
,,
,,
,,
,,
,,
,,
,,
,,
,,
,,
,,
,,
,,
,,
,,
,,
,,
,,
,,
,,
,,
,,
,,
,,
,,
,,
,,
,,
,,
,,
,,
,,
,,
,,
,,
,,
,,
,,
,,
,,
,,
,,
,,
,,
,,
,,
,,
,,
,,
,,
,,
,,
